filename,dive_id,n_points,n_biotic,n_abiotic,n_exclude,n_unsure,n_conflict,n_other,n_biotic_assigned,n_biotic_unassigned,lat,long,depth_m,depth_m_raw,temperature,frame_substrate_class,frame_relief_class,target_points,difference_from_target,point_count_qc,n_valid,pct_biotic_all,pct_abiotic_all,pct_exclude_all,pct_unsure_all,pct_biotic_valid,pct_abiotic_valid,pct_biotic_units_resolved
2025_09_SA_FR01_001_0038.png,2025-09-sa-fr01-001,100,1,92,7,0,0,0,1,0,71.058217,-22.141817,90.34491,-90.34491,-1.7,soft_silt_bioturbation,flat,100,0,PASS,93,1,92,7,0,1.075268817204301,98.9247311827957,100
2025_09_SA_FR01_001_0039.png,2025-09-sa-fr01-001,114,0,105,9,0,0,0,0,0,71.058217,-22.141817,90.276459,-90.276459,-1.7,soft_silt_bioturbation,flat,100,14,REVIEW,105,0,92.10526315789474,7.894736842105263,0,0,100,NA
2025_09_SA_FR01_001_0046.png,2025-09-sa-fr01-001,100,0,80,20,0,0,0,0,0,71.058217,-22.141817,88.977287,-88.977287,-1.7,soft_icescour_silt,flat,100,0,PASS,80,0,80,20,0,0,100,NA
2025_09_SA_FR01_001_0048.png,2025-09-sa-fr01-001,100,0,61,39,0,0,0,0,0,71.058217,-22.141817,85.009232,-85.009232,-1.8,soft_silt_ripples,flat,100,0,PASS,61,0,61,39,0,0,100,NA
2025_09_SA_FR01_001_0049.png,2025-09-sa-fr01-001,103,0,54,49,0,0,0,0,0,71.058217,-22.141817,84.256973,-84.256973,-1.8,soft_silt,flat,100,3,REVIEW,54,0,52.42718446601942,47.57281553398058,0,0,100,NA
2025_09_SA_FR01_001_0056.png,2025-09-sa-fr01-001,101,0,74,27,0,0,0,0,0,71.058217,-22.141817,53.111618,-53.111618,-2,soft_silt,flat,100,1,REVIEW,74,0,73.26732673267327,26.73267326732673,0,0,100,NA
2025_09_SA_FR01_002_v1_0011.png,2025-09-sa-fr01-002,100,30,67,3,0,0,0,30,0,72.9571,-24.81585,16.772194,-16.772194,0.9,hard_silt_shelldead,flat,100,0,PASS,97,30,67,3,0,30.927835051546392,69.0721649484536,100
2025_09_SA_FR01_002_v1_0012.png,2025-09-sa-fr01-002,100,42,53,5,0,0,0,42,0,72.9571,-24.81585,16.613342,-16.613342,1,soft_silt_pebble,flat,100,0,PASS,95,42,53,5,0,44.21052631578947,55.78947368421053,100
2025_09_SA_FR01_002_v1_0013.png,2025-09-sa-fr01-002,100,45,51,4,0,0,0,45,0,72.9571,-24.81585,16.724659,-16.724659,1,hard_silt_pebble,flat,100,0,PASS,96,45,51,4,0,46.875,53.125,100
2025_09_SA_FR01_002_v1_0014.png,2025-09-sa-fr01-002,100,61,29,10,0,0,0,61,0,72.9571,-24.81585,16.606182,-16.606182,0.8,hard_silt_shelldead,flat,100,0,PASS,90,61,29,10,0,67.77777777777777,32.22222222222222,100
2025_09_SA_FR01_002_v1_0017.png,2025-09-sa-fr01-002,100,45,35,20,0,0,0,45,0,72.9571,-24.81585,0.306824,-0.306824,4.9,soft_silt,flat,100,0,PASS,80,45,35,20,0,56.25,43.75,100
2025_09_SA_FR01_002_v2_0014.png,2025-09-sa-fr01-002,23,1,16,6,0,0,0,1,0,72.9571,-24.81585,43.582764,-43.582764,-2.09,hard_soft_silt_pebble,flat,100,-77,REVIEW,17,4.3478260869565215,69.56521739130434,26.08695652173913,0,5.882352941176471,94.11764705882354,100
2025_09_SA_FR01_002_v2_0015.png,2025-09-sa-fr01-002,101,16,52,33,0,0,0,16,0,72.9571,-24.81585,43.540432,-43.540432,-2.09,soft_silt,flat_moderate,100,1,REVIEW,68,15.841584158415841,51.48514851485149,32.67326732673267,0,23.529411764705884,76.47058823529412,100
2025_09_SA_FR01_002_v2_0016.png,2025-09-sa-fr01-002,100,26,53,21,0,0,0,26,0,72.9571,-24.81585,43.522449,-43.522449,-2.09,soft_silt,flat,100,0,PASS,79,26,53,21,0,32.91139240506329,67.0886075949367,100
2025_09_SA_FR01_002_v2_0017.png,2025-09-sa-fr01-002,100,19,60,21,0,0,0,19,0,72.9571,-24.81585,43.55764,-43.55764,-2.09,soft_silt_boulder,flat_moderate,100,0,PASS,79,19,60,21,0,24.050632911392405,75.9493670886076,100
2025_09_SA_FR01_002_v2_0018.png,2025-09-sa-fr01-002,100,31,64,4,0,1,0,31,0,72.9571,-24.81585,43.550327,-43.550327,-2.2,soft_silt,flat,100,0,PASS,95,31,64,4,0,32.63157894736842,67.36842105263158,100
2025_09_SA_FR01_002_v2_0019.png,2025-09-sa-fr01-002,100,9,75,16,0,0,0,9,0,72.9571,-24.81585,43.6236,-43.6236,-2.2,hard_pebble_silt,flat,100,0,PASS,84,9,75,16,0,10.714285714285714,89.28571428571429,100
2025_09_SA_FR01_002_v2_0020.png,2025-09-sa-fr01-002,100,6,71,23,0,0,0,6,0,72.9571,-24.81585,43.586784,-43.586784,-2.09,soft_silt,flat_moderate,100,0,PASS,77,6,71,23,0,7.792207792207792,92.20779220779221,100
2025_09_SA_FR01_002_v2_0021.png,2025-09-sa-fr01-002,100,11,89,0,0,0,0,11,0,72.9571,-24.81585,43.594479,-43.594479,-2.2,soft_silt,flat,100,0,PASS,100,11,89,0,0,11,89,100
2025_09_SA_FR01_002_v2_0022.png,2025-09-sa-fr01-002,100,16,69,15,0,0,0,16,0,72.9571,-24.81585,44.311832,-44.311832,-2.09,soft_silt,flat,100,0,PASS,85,16,69,15,0,18.823529411764707,81.17647058823529,100
2025_09_SA_FR01_002_v2_0023.png,2025-09-sa-fr01-002,100,18,73,9,0,0,0,18,0,72.9571,-24.81585,44.55381,-44.55381,-2.09,soft_silt,flat,100,0,PASS,91,18,73,9,0,19.78021978021978,80.21978021978022,100
2025_09_SA_FR01_002_v2_0024.png,2025-09-sa-fr01-002,100,3,78,17,0,2,0,3,0,72.9571,-24.81585,44.503201,-44.503201,-2.2,soft_silt,flat,100,0,PASS,81,3,78,17,0,3.7037037037037037,96.29629629629629,100
2025_09_SA_FR01_002_v2_0025.png,2025-09-sa-fr01-002,100,24,67,9,0,0,0,24,0,72.9571,-24.81585,44.883003,-44.883003,-2.09,soft_silt,flat,100,0,PASS,91,24,67,9,0,26.373626373626372,73.62637362637362,100
2025_09_SA_FR01_002_v2_0026.png,2025-09-sa-fr01-002,100,8,63,29,0,0,0,8,0,72.9571,-24.81585,45.348385,-45.348385,-2.2,soft_silt,flat,100,0,PASS,71,8,63,29,0,11.267605633802816,88.73239436619718,100
2025_09_SA_FR01_002_v2_0027.png,2025-09-sa-fr01-002,100,0,79,18,3,0,0,0,0,72.9571,-24.81585,45.301094,-45.301094,-2.2,soft_silt,flat_moderate,100,0,PASS,79,0,79,18,3,0,100,NA
2025_09_SA_FR01_002_v2_0028.png,2025-09-sa-fr01-002,100,2,88,10,0,0,0,2,0,72.9571,-24.81585,45.303474,-45.303474,-2.2,soft_silt,flat,100,0,PASS,90,2,88,10,0,2.2222222222222223,97.77777777777777,100
2025_09_SA_FR01_002_v2_0029.png,2025-09-sa-fr01-002,100,12,80,8,0,0,0,12,0,72.9571,-24.81585,45.272541,-45.272541,-2.09,soft_silt,flat,100,0,PASS,92,12,80,8,0,13.043478260869565,86.95652173913044,100
2025_09_SA_FR01_002_v2_0030.png,2025-09-sa-fr01-002,101,27,47,26,0,1,0,26,1,72.9571,-24.81585,45.099274,-45.099274,-2.2,soft_silt,flat,100,1,REVIEW,74,26.73267326732673,46.53465346534654,25.742574257425744,0,36.486486486486484,63.513513513513516,96.29629629629629
2025_09_SA_FR01_002_v2_0032.png,2025-09-sa-fr01-002,99,16,75,8,0,0,0,16,0,72.9571,-24.81585,44.657261,-44.657261,-2.2,soft_silt,flat,100,-1,REVIEW,91,16.161616161616163,75.75757575757575,8.080808080808081,0,17.582417582417584,82.41758241758242,100
2025_09_SA_FR01_002_v2_0033.png,2025-09-sa-fr01-002,100,25,67,8,0,0,0,25,0,72.9571,-24.81585,44.599133,-44.599133,-2.2,soft_silt,flat,100,0,PASS,92,25,67,8,0,27.17391304347826,72.82608695652173,100
2025_09_SA_FR01_002_v2_0034.png,2025-09-sa-fr01-002,101,32,65,3,1,0,0,32,0,72.9571,-24.81585,44.115646,-44.115646,-2.2,soft_silt,flat,100,1,REVIEW,97,31.683168316831683,64.35643564356435,2.9702970297029703,0.9900990099009901,32.98969072164948,67.01030927835052,100
2025_09_SA_FR01_002_v2_0035.png,2025-09-sa-fr01-002,100,22,68,10,0,0,0,22,0,72.9571,-24.81585,44.389626,-44.389626,-2.2,soft_silt,flat,100,0,PASS,90,22,68,10,0,24.444444444444443,75.55555555555556,100
2025_09_SA_FR01_002_v2_0036.png,2025-09-sa-fr01-002,100,12,57,31,0,0,0,12,0,72.9571,-24.81585,43.898449,-43.898449,-2.2,soft_silt,flat,100,0,PASS,69,12,57,31,0,17.391304347826086,82.6086956521739,100
2025_09_SA_FR01_002_v2_0037.png,2025-09-sa-fr01-002,98,24,63,11,0,0,0,24,0,72.9571,-24.81585,44.075954,-44.075954,-2.2,soft_silt,flat,100,-2,REVIEW,87,24.489795918367346,64.28571428571429,11.224489795918368,0,27.586206896551722,72.41379310344827,100
2025_09_SA_FR01_002_v2_0038.png,2025-09-sa-fr01-002,100,32,52,16,0,0,0,32,0,72.9571,-24.81585,43.314068,-43.314068,-2.2,soft_silt,flat,100,0,PASS,84,32,52,16,0,38.095238095238095,61.904761904761905,100
2025_09_SA_FR01_002_v2_0039.png,2025-09-sa-fr01-002,100,29,60,11,0,0,0,29,0,72.9571,-24.81585,43.881584,-43.881584,-2.2,soft_silt,flat,100,0,PASS,89,29,60,11,0,32.58426966292135,67.41573033707866,100
2025_09_SA_FR01_002_v2_0040.png,2025-09-sa-fr01-002,101,41,49,11,0,0,0,41,0,72.9571,-24.81585,43.868484,-43.868484,-2.2,soft_silt,flat,100,1,REVIEW,90,40.59405940594059,48.51485148514851,10.891089108910892,0,45.55555555555556,54.44444444444444,100
2025_09_SA_FR01_002_v2_0041.png,2025-09-sa-fr01-002,100,48,44,8,0,0,0,48,0,72.9571,-24.81585,43.841942,-43.841942,-2.2,soft_silt,flat,100,0,PASS,92,48,44,8,0,52.17391304347826,47.82608695652174,100
2025_09_SA_FR01_002_v2_0042.png,2025-09-sa-fr01-002,99,23,69,3,4,0,0,23,0,72.9571,-24.81585,44.061901,-44.061901,-2.2,soft_silt,flat,100,-1,REVIEW,92,23.232323232323232,69.6969696969697,3.0303030303030303,4.040404040404041,25,75,100
2025_09_SA_FR01_002_v2_0043.png,2025-09-sa-fr01-002,99,23,68,5,3,0,0,23,0,72.9571,-24.81585,44.138157,-44.138157,-2.2,soft_silt,flat,100,-1,REVIEW,91,23.232323232323232,68.68686868686869,5.05050505050505,3.0303030303030303,25.274725274725274,74.72527472527473,100
2025_09_SA_FR01_002_v2_0044.png,2025-09-sa-fr01-002,100,37,57,4,2,0,0,37,0,72.9571,-24.81585,44.211456,-44.211456,-2.2,soft_silt,flat,100,0,PASS,94,37,57,4,2,39.361702127659576,60.638297872340424,100
2025_09_SA_FR01_002_v2_0045.png,2025-09-sa-fr01-002,100,33,56,9,2,0,0,33,0,72.9571,-24.81585,44.164928,-44.164928,-2.2,soft_silt,flat,100,0,PASS,89,33,56,9,2,37.07865168539326,62.92134831460674,100
2025_09_SA_FR01_002_v2_0046.png,2025-09-sa-fr01-002,100,54,45,1,0,0,0,54,0,72.9571,-24.81585,44.317806,-44.317806,-2.2,soft_silt,flat,100,0,PASS,99,54,45,1,0,54.54545454545455,45.45454545454545,100
2025_09_SA_FR01_002_v2_0047.png,2025-09-sa-fr01-002,100,35,61,4,0,0,0,35,0,72.9571,-24.81585,44.531303,-44.531303,-2.2,soft_silt,flat,100,0,PASS,96,35,61,4,0,36.458333333333336,63.541666666666664,100
2025_09_SA_FR01_002_v2_0048.png,2025-09-sa-fr01-002,100,32,67,1,0,0,0,32,0,72.9571,-24.81585,45.507336,-45.507336,-2.2,soft_silt,flat,100,0,PASS,99,32,67,1,0,32.323232323232325,67.67676767676768,100
2025_09_SA_FR01_002_v2_0049.png,2025-09-sa-fr01-002,100,34,40,26,0,0,0,34,0,72.9571,-24.81585,47.295506,-47.295506,-2.2,soft_silt,flat,100,0,PASS,74,34,40,26,0,45.945945945945944,54.054054054054056,100
2025_09_SA_FR01_002_v2_0051.png,2025-09-sa-fr01-002,99,14,79,6,0,0,0,14,0,72.9571,-24.81585,46.680779,-46.680779,-2.2,soft_silt,flat,100,-1,REVIEW,93,14.141414141414142,79.79797979797979,6.0606060606060606,0,15.053763440860216,84.94623655913979,100
2025_09_SA_FR01_002_v2_0052.png,2025-09-sa-fr01-002,100,23,74,3,0,0,0,23,0,72.9571,-24.81585,45.782619,-45.782619,-2.2,soft_silt,flat,100,0,PASS,97,23,74,3,0,23.711340206185568,76.28865979381443,100
2025_09_SA_FR01_002_v2_0053.png,2025-09-sa-fr01-002,100,14,52,34,0,0,0,14,0,72.9571,-24.81585,45.01849,-45.01849,-2.2,soft_silt,flat,100,0,PASS,66,14,52,34,0,21.21212121212121,78.78787878787878,100
2025_09_SA_FR01_002_v2_0054.png,2025-09-sa-fr01-002,100,35,58,7,0,0,0,35,0,72.9571,-24.81585,46.03212,-46.03212,-2.09,soft_silt,flat,100,0,PASS,93,35,58,7,0,37.634408602150536,62.365591397849464,100
2025_09_SA_FR01_002_v2_0058.png,2025-09-sa-fr01-002,100,25,67,7,1,0,0,25,0,72.9571,-24.81585,48.403599,-48.403599,-2.09,hard_shelldead_pebble,flat,100,0,PASS,92,25,67,7,1,27.17391304347826,72.82608695652173,100
2025_09_SA_FR01_002_v2_0059.png,2025-09-sa-fr01-002,100,39,59,2,0,0,0,39,0,72.9571,-24.81585,48.250244,-48.250244,-2.09,hard_shelldead_silt,flat,100,0,PASS,98,39,59,2,0,39.795918367346935,60.204081632653065,100
2025_09_SA_FR01_002_v2_0060.png,2025-09-sa-fr01-002,100,58,42,0,0,0,0,58,0,72.9571,-24.81585,48.144592,-48.144592,-2.09,soft_silt,flat,100,0,PASS,100,58,42,0,0,58,42,100
2025_09_SA_FR01_002_v2_0061.png,2025-09-sa-fr01-002,100,24,75,1,0,0,0,24,0,72.9571,-24.81585,45.4958,-45.4958,-2.2,soft_silt,flat,100,0,PASS,99,24,75,1,0,24.242424242424242,75.75757575757575,100
2025_09_SA_FR01_002_v2_0062.png,2025-09-sa-fr01-002,100,33,64,3,0,0,0,33,0,72.9571,-24.81585,31.573374,-31.573374,-2.09,soft_silt,flat,100,0,PASS,97,33,64,3,0,34.02061855670103,65.97938144329896,100
2025_09_SA_FR01_003_0007.png,2025-09-sa-fr01-003,100,12,76,12,0,0,0,12,0,72.957083,-24.8051,52.824085,-52.824085,-2.09,soft_silt,flat,100,0,PASS,88,12,76,12,0,13.636363636363637,86.36363636363636,100
2025_09_SA_FR01_003_0008.png,2025-09-sa-fr01-003,100,20,75,3,1,1,0,20,0,72.957083,-24.8051,52.809181,-52.809181,-2.2,soft_silt,moderate_flat,100,0,PASS,95,20,75,3,1,21.05263157894737,78.94736842105263,100
2025_09_SA_FR01_003_0009.png,2025-09-sa-fr01-003,100,25,75,0,0,0,0,25,0,72.957083,-24.8051,52.022095,-52.022095,-2.2,soft_silt,flat_moderate,100,0,PASS,100,25,75,0,0,25,75,100
2025_09_SA_FR01_003_0010.png,2025-09-sa-fr01-003,100,17,60,23,0,0,0,17,0,72.957083,-24.8051,51.931374,-51.931374,-2.2,soft_silt,moderate_flat,100,0,PASS,77,17,60,23,0,22.07792207792208,77.92207792207792,100
2025_09_SA_FR01_003_0011.png,2025-09-sa-fr01-003,99,19,53,27,0,0,0,19,0,72.957083,-24.8051,52.032421,-52.032421,-2.2,soft_silt,moderate_flat,100,-1,REVIEW,72,19.19191919191919,53.535353535353536,27.272727272727273,0,26.38888888888889,73.61111111111111,100
2025_09_SA_FR01_003_0012.png,2025-09-sa-fr01-003,100,19,62,17,2,0,0,19,0,72.957083,-24.8051,52.161449,-52.161449,-2.2,soft_silt,flat,100,0,PASS,81,19,62,17,2,23.45679012345679,76.54320987654322,100
2025_09_SA_FR01_003_0013.png,2025-09-sa-fr01-003,99,18,35,46,0,0,0,18,0,72.957083,-24.8051,52.571411,-52.571411,-2.2,soft_silt,flat,100,-1,REVIEW,53,18.181818181818183,35.35353535353536,46.464646464646464,0,33.9622641509434,66.0377358490566,100
2025_09_SA_FR01_003_0014.png,2025-09-sa-fr01-003,99,22,73,3,1,0,0,22,0,72.957083,-24.8051,52.54834,-52.54834,-2.2,soft_silt,flat,100,-1,REVIEW,95,22.22222222222222,73.73737373737374,3.0303030303030303,1.0101010101010102,23.157894736842106,76.84210526315789,100
2025_09_SA_FR01_003_0015.png,2025-09-sa-fr01-003,100,32,53,14,1,0,0,32,0,72.957083,-24.8051,52.487186,-52.487186,-2.2,soft_silt,flat,100,0,PASS,85,32,53,14,1,37.64705882352941,62.35294117647059,100
2025_09_SA_FR01_003_0016.png,2025-09-sa-fr01-003,100,32,55,12,1,0,0,32,0,72.957083,-24.8051,51.695084,-51.695084,-2.2,soft_silt,flat,100,0,PASS,87,32,55,12,1,36.7816091954023,63.2183908045977,100
2025_09_SA_FR01_003_0018.png,2025-09-sa-fr01-003,100,23,60,15,2,0,0,23,0,72.957083,-24.8051,52.997734,-52.997734,-2.2,soft_silt,flat,100,0,PASS,83,23,60,15,2,27.710843373493976,72.28915662650603,100
2025_09_SA_FR01_003_0019.png,2025-09-sa-fr01-003,100,25,74,1,0,0,0,25,0,72.957083,-24.8051,52.271881,-52.271881,-2.2,soft_silt,flat,100,0,PASS,99,25,74,1,0,25.252525252525253,74.74747474747475,100
2025_09_SA_FR01_003_0020.png,2025-09-sa-fr01-003,100,36,38,26,0,0,0,36,0,72.957083,-24.8051,52.344379000000004,-52.344379000000004,-2.2,soft_silt,flat,100,0,PASS,74,36,38,26,0,48.648648648648646,51.351351351351354,100
2025_09_SA_FR01_003_0021.png,2025-09-sa-fr01-003,98,34,56,8,0,0,0,34,0,72.957083,-24.8051,52.334373,-52.334373,-2.2,soft_silt,flat,100,-2,REVIEW,90,34.69387755102041,57.142857142857146,8.16326530612245,0,37.77777777777778,62.22222222222222,100
2025_09_SA_FR01_003_0022.png,2025-09-sa-fr01-003,100,21,55,22,2,0,0,21,0,72.957083,-24.8051,52.406757,-52.406757,-2.2,soft_silt,flat,100,0,PASS,76,21,55,22,2,27.63157894736842,72.36842105263158,100
2025_09_SA_FR01_003_0023.png,2025-09-sa-fr01-003,101,46,54,0,1,0,0,46,0,72.957083,-24.8051,52.756744,-52.756744,-2.2,soft_silt,flat,100,1,REVIEW,100,45.54455445544554,53.46534653465346,0,0.9900990099009901,46,54,100
2025_09_SA_FR01_003_0024.png,2025-09-sa-fr01-003,100,35,58,7,0,0,0,35,0,72.957083,-24.8051,52.552097,-52.552097,-2.2,soft_silt,flat,100,0,PASS,93,35,58,7,0,37.634408602150536,62.365591397849464,100
2025_09_SA_FR01_003_0025.png,2025-09-sa-fr01-003,100,40,51,8,1,0,0,40,0,72.957083,-24.8051,52.156235,-52.156235,-2.3,soft_silt,flat,100,0,PASS,91,40,51,8,1,43.956043956043956,56.043956043956044,100
2025_09_SA_FR01_003_0026.png,2025-09-sa-fr01-003,100,16,69,14,1,0,0,16,0,72.957083,-24.8051,51.384735,-51.384735,-2.2,soft_silt,flat,100,0,PASS,85,16,69,14,1,18.823529411764707,81.17647058823529,100
2025_09_SA_FR01_003_0028.png,2025-09-sa-fr01-003,100,23,63,14,0,0,0,23,0,72.957083,-24.8051,52.042416,-52.042416,-2.2,soft_silt,flat,100,0,PASS,86,23,63,14,0,26.74418604651163,73.25581395348837,100
2025_09_SA_FR01_003_0029.png,2025-09-sa-fr01-003,100,25,64,11,0,0,0,25,0,72.957083,-24.8051,52.28278,-52.28278,-2.2,soft_silt,flat,100,0,PASS,89,25,64,11,0,28.089887640449437,71.91011235955057,100
2025_09_SA_FR01_003_0030.png,2025-09-sa-fr01-003,100,34,64,2,0,0,0,34,0,72.957083,-24.8051,52.206009,-52.206009,-2.2,soft_silt,flat,100,0,PASS,98,34,64,2,0,34.69387755102041,65.3061224489796,100
2025_09_SA_FR01_003_0031.png,2025-09-sa-fr01-003,100,54,45,1,0,0,0,54,0,72.957083,-24.8051,52.662975,-52.662975,-2.2,soft_silt,flat,100,0,PASS,99,54,45,1,0,54.54545454545455,45.45454545454545,100
2025_09_SA_FR01_003_0032.png,2025-09-sa-fr01-003,100,15,59,26,0,0,0,15,0,72.957083,-24.8051,54.268242,-54.268242,-2.2,soft_silt,flat,100,0,PASS,74,15,59,26,0,20.27027027027027,79.72972972972973,100
2025_09_SA_FR01_003_0033.png,2025-09-sa-fr01-003,99,19,69,11,0,0,0,19,0,72.957083,-24.8051,55.089085,-55.089085,-2.2,soft_silt,flat,100,-1,REVIEW,88,19.19191919191919,69.6969696969697,11.11111111111111,0,21.59090909090909,78.4090909090909,100
2025_09_SA_FR01_003_0034.png,2025-09-sa-fr01-003,100,27,59,14,0,0,0,27,0,72.957083,-24.8051,54.332451,-54.332451,-2.2,soft_silt,flat,100,0,PASS,86,27,59,14,0,31.3953488372093,68.6046511627907,100
2025_09_SA_FR01_003_0035.png,2025-09-sa-fr01-003,99,16,74,6,3,0,0,16,0,72.957083,-24.8051,54.080246,-54.080246,-2.2,soft_silt,flat,100,-1,REVIEW,90,16.161616161616163,74.74747474747475,6.0606060606060606,3.0303030303030303,17.77777777777778,82.22222222222223,100
2025_09_SA_FR01_003_0036.png,2025-09-sa-fr01-003,99,31,64,4,0,0,0,31,0,72.957083,-24.8051,54.166336,-54.166336,-2.2,soft_silt,flat,100,-1,REVIEW,95,31.31313131313131,64.64646464646465,4.040404040404041,0,32.63157894736842,67.36842105263158,100
2025_09_SA_FR01_003_0037.png,2025-09-sa-fr01-003,100,42,53,4,1,0,0,42,0,72.957083,-24.8051,53.551983,-53.551983,-2.2,soft_silt,flat,100,0,PASS,95,42,53,4,1,44.21052631578947,55.78947368421053,100
2025_09_SA_FR01_003_0038.png,2025-09-sa-fr01-003,99,35,51,11,2,0,0,35,0,72.957083,-24.8051,52.39378,-52.39378,-2.2,soft_silt,flat,100,-1,REVIEW,86,35.35353535353536,51.515151515151516,11.11111111111111,2.0202020202020203,40.69767441860465,59.30232558139535,100
2025_09_SA_FR01_003_0040.png,2025-09-sa-fr01-003,100,26,60,13,1,0,0,26,0,72.957083,-24.8051,52.310638,-52.310638,-2.2,soft_silt,flat,100,0,PASS,86,26,60,13,1,30.232558139534884,69.76744186046511,100
2025_09_SA_FR01_003_0041.png,2025-09-sa-fr01-003,98,20,44,34,0,0,0,20,0,72.957083,-24.8051,52.836815,-52.836815,-2.2,soft_silt,flat,100,-2,REVIEW,64,20.408163265306122,44.89795918367347,34.69387755102041,0,31.25,68.75,100
2025_09_SA_FR01_003_0042.png,2025-09-sa-fr01-003,100,19,64,17,0,0,0,19,0,72.957083,-24.8051,52.291569,-52.291569,-2.2,soft_silt,flat,100,0,PASS,83,19,64,17,0,22.89156626506024,77.10843373493977,100
2025_09_SA_FR01_003_0043.png,2025-09-sa-fr01-003,100,32,65,2,1,0,0,32,0,72.957083,-24.8051,52.05407,-52.05407,-2.2,soft_silt,flat,100,0,PASS,97,32,65,2,1,32.98969072164948,67.01030927835052,100
2025_09_SA_FR01_003_0044.png,2025-09-sa-fr01-003,100,22,55,23,0,0,0,22,0,72.957083,-24.8051,52.372692,-52.372692,-2.2,soft_silt,flat,100,0,PASS,77,22,55,23,0,28.571428571428573,71.42857142857143,100
2025_09_SA_FR01_003_0045.png,2025-09-sa-fr01-003,99,20,53,26,0,0,0,20,0,72.957083,-24.8051,52.39756,-52.39756,-2.2,soft_silt,flat,100,-1,REVIEW,73,20.2020202020202,53.535353535353536,26.262626262626263,0,27.397260273972602,72.6027397260274,100
2025_09_SA_FR01_003_0046.png,2025-09-sa-fr01-003,99,39,45,13,2,0,0,39,0,72.957083,-24.8051,52.276901,-52.276901,-2.2,soft_silt,flat,100,-1,REVIEW,84,39.39393939393939,45.45454545454545,13.131313131313131,2.0202020202020203,46.42857142857143,53.57142857142857,100
2025_09_SA_FR01_003_0047.png,2025-09-sa-fr01-003,100,28,52,20,0,0,0,28,0,72.957083,-24.8051,52.095211,-52.095211,-2.2,soft_silt,flat,100,0,PASS,80,28,52,20,0,35,65,100
2025_09_SA_FR01_003_0048.png,2025-09-sa-fr01-003,100,18,58,23,1,0,0,18,0,72.957083,-24.8051,52.25338,-52.25338,-2.2,soft_silt,flat,100,0,PASS,76,18,58,23,1,23.68421052631579,76.3157894736842,100
2025_09_SA_FR01_004_0009.png,2025-09-sa-fr01-004,100,13,84,3,0,0,0,13,0,72.778611,-22.990556,NA,NA,NA,soft_silt,flat,100,0,PASS,97,13,84,3,0,13.402061855670103,86.5979381443299,100
2025_09_SA_FR01_004_0010.png,2025-09-sa-fr01-004,105,6,64,35,0,0,0,6,0,72.778611,-22.990556,NA,NA,NA,soft_silt,flat,100,5,REVIEW,70,5.714285714285714,60.95238095238095,33.333333333333336,0,8.571428571428571,91.42857142857143,100
2025_09_SA_FR01_004_0011.png,2025-09-sa-fr01-004,100,17,80,3,0,0,0,17,0,72.778611,-22.990556,NA,NA,NA,soft_silt,flat,100,0,PASS,97,17,80,3,0,17.52577319587629,82.47422680412372,100
2025_09_SA_FR01_004_0012.png,2025-09-sa-fr01-004,100,23,73,2,2,0,0,23,0,72.778611,-22.990556,NA,NA,NA,soft_silt,flat,100,0,PASS,96,23,73,2,2,23.958333333333332,76.04166666666667,100
2025_09_SA_FR01_004_0013.png,2025-09-sa-fr01-004,100,12,72,16,0,0,0,12,0,72.778611,-22.990556,NA,NA,NA,soft_silt,flat,100,0,PASS,84,12,72,16,0,14.285714285714286,85.71428571428571,100
2025_09_SA_FR01_004_0014.png,2025-09-sa-fr01-004,100,12,83,5,0,0,0,12,0,72.778611,-22.990556,NA,NA,NA,soft_silt,flat,100,0,PASS,95,12,83,5,0,12.631578947368421,87.36842105263158,100
2025_09_SA_FR01_004_0015.png,2025-09-sa-fr01-004,97,6,88,3,0,0,0,6,0,72.778611,-22.990556,NA,NA,NA,soft_silt,flat,100,-3,REVIEW,94,6.185567010309279,90.72164948453609,3.0927835051546393,0,6.382978723404255,93.61702127659575,100
2025_09_SA_FR01_004_0016.png,2025-09-sa-fr01-004,100,15,85,0,0,0,0,15,0,72.778611,-22.990556,NA,NA,NA,soft_silt,flat,100,0,PASS,100,15,85,0,0,15,85,100
2025_09_SA_FR01_004_0017.png,2025-09-sa-fr01-004,100,8,71,21,0,0,0,8,0,72.778611,-22.990556,NA,NA,NA,soft_silt,flat,100,0,PASS,79,8,71,21,0,10.126582278481013,89.87341772151899,100
2025_09_SA_FR01_004_0018.png,2025-09-sa-fr01-004,100,5,94,1,0,0,0,5,0,72.778611,-22.990556,NA,NA,NA,soft_silt,flat,100,0,PASS,99,5,94,1,0,5.05050505050505,94.94949494949495,100
2025_09_SA_FR01_004_0019.png,2025-09-sa-fr01-004,99,18,69,12,0,0,0,18,0,72.778611,-22.990556,NA,NA,NA,soft_silt,flat,100,-1,REVIEW,87,18.181818181818183,69.6969696969697,12.121212121212121,0,20.689655172413794,79.3103448275862,100
2025_09_SA_FR01_004_0020.png,2025-09-sa-fr01-004,100,9,73,18,0,0,0,9,0,72.778611,-22.990556,NA,NA,NA,soft_silt,flat,100,0,PASS,82,9,73,18,0,10.975609756097562,89.02439024390245,100
2025_09_SA_FR01_004_0021.png,2025-09-sa-fr01-004,100,7,71,22,0,0,0,7,0,72.778611,-22.990556,NA,NA,NA,soft_silt,flat,100,0,PASS,78,7,71,22,0,8.974358974358974,91.02564102564102,100
2025_09_SA_FR01_004_0022.png,2025-09-sa-fr01-004,100,12,70,18,0,0,0,12,0,72.778611,-22.990556,NA,NA,NA,soft_silt,flat,100,0,PASS,82,12,70,18,0,14.634146341463415,85.36585365853658,100
2025_09_SA_FR01_004_0023.png,2025-09-sa-fr01-004,100,9,76,15,0,0,0,9,0,72.778611,-22.990556,NA,NA,NA,soft_silt,flat,100,0,PASS,85,9,76,15,0,10.588235294117647,89.41176470588235,100
2025_09_SA_FR01_004_0024.png,2025-09-sa-fr01-004,100,12,76,12,0,0,0,12,0,72.778611,-22.990556,NA,NA,NA,soft_silt,flat,100,0,PASS,88,12,76,12,0,13.636363636363637,86.36363636363636,100
2025_09_SA_FR01_004_0025.png,2025-09-sa-fr01-004,100,8,70,22,0,0,0,8,0,72.778611,-22.990556,NA,NA,NA,soft_silt,flat,100,0,PASS,78,8,70,22,0,10.256410256410257,89.74358974358974,100
2025_09_SA_FR01_004_0026.png,2025-09-sa-fr01-004,100,10,61,29,0,0,0,10,0,72.778611,-22.990556,NA,NA,NA,soft_silt,flat,100,0,PASS,71,10,61,29,0,14.084507042253522,85.91549295774648,100
2025_09_SA_FR01_004_0027.png,2025-09-sa-fr01-004,100,11,69,20,0,0,0,11,0,72.778611,-22.990556,NA,NA,NA,soft_silt,flat,100,0,PASS,80,11,69,20,0,13.75,86.25,100
2025_09_SA_FR01_004_0028.png,2025-09-sa-fr01-004,99,6,75,18,0,0,0,6,0,72.778611,-22.990556,NA,NA,NA,soft_silt,flat,100,-1,REVIEW,81,6.0606060606060606,75.75757575757575,18.181818181818183,0,7.407407407407407,92.5925925925926,100
2025_09_SA_FR01_004_0029.png,2025-09-sa-fr01-004,100,13,67,20,0,0,0,13,0,72.778611,-22.990556,NA,NA,NA,soft_silt,flat,100,0,PASS,80,13,67,20,0,16.25,83.75,100
2025_09_SA_FR01_004_0030.png,2025-09-sa-fr01-004,100,7,82,11,0,0,0,7,0,72.778611,-22.990556,NA,NA,NA,soft_silt,flat,100,0,PASS,89,7,82,11,0,7.865168539325842,92.13483146067416,100
2025_09_SA_FR01_004_0031.png,2025-09-sa-fr01-004,100,5,54,41,0,0,0,5,0,72.778611,-22.990556,NA,NA,NA,soft_silt,flat,100,0,PASS,59,5,54,41,0,8.474576271186441,91.52542372881356,100
2025_09_SA_FR01_004_0032.png,2025-09-sa-fr01-004,100,17,82,1,0,0,0,17,0,72.778611,-22.990556,NA,NA,NA,soft_silt,flat,100,0,PASS,99,17,82,1,0,17.171717171717173,82.82828282828282,100
2025_09_SA_FR01_004_0033.png,2025-09-sa-fr01-004,100,13,86,0,1,0,0,13,0,72.778611,-22.990556,NA,NA,NA,soft_silt,flat,100,0,PASS,99,13,86,0,1,13.131313131313131,86.86868686868686,100
2025_09_SA_FR01_004_0036.png,2025-09-sa-fr01-004,100,8,62,30,0,0,0,8,0,72.778611,-22.990556,NA,NA,NA,soft_silt,flat,100,0,PASS,70,8,62,30,0,11.428571428571429,88.57142857142857,100
2025_09_SA_FR01_004_0037.png,2025-09-sa-fr01-004,100,7,46,47,0,0,0,7,0,72.778611,-22.990556,NA,NA,NA,soft_silt,flat,100,0,PASS,53,7,46,47,0,13.20754716981132,86.79245283018868,100
2025_09_SA_FR01_004_0038.png,2025-09-sa-fr01-004,99,20,79,0,0,0,0,20,0,72.778611,-22.990556,NA,NA,NA,soft_silt,flat,100,-1,REVIEW,99,20.2020202020202,79.79797979797979,0,0,20.2020202020202,79.79797979797979,100
2025_09_SA_FR01_004_0039.png,2025-09-sa-fr01-004,100,5,93,2,0,0,0,5,0,72.778611,-22.990556,NA,NA,NA,soft_silt,flat,100,0,PASS,98,5,93,2,0,5.1020408163265305,94.89795918367346,100
2025_09_SA_FR01_004_0040.png,2025-09-sa-fr01-004,100,18,81,0,1,0,0,18,0,72.778611,-22.990556,NA,NA,NA,soft_silt,flat,100,0,PASS,99,18,81,0,1,18.181818181818183,81.81818181818181,100
2025_09_SA_FR01_004_0041.png,2025-09-sa-fr01-004,100,4,89,7,0,0,0,4,0,72.778611,-22.990556,NA,NA,NA,soft_silt,flat,100,0,PASS,93,4,89,7,0,4.301075268817204,95.6989247311828,100
2025_09_SA_FR01_004_0042.png,2025-09-sa-fr01-004,102,14,75,13,0,0,0,14,0,72.778611,-22.990556,NA,NA,NA,soft_silt,flat,100,2,REVIEW,89,13.72549019607843,73.52941176470588,12.745098039215685,0,15.730337078651685,84.26966292134831,100
2025_09_SA_FR01_004_0043.png,2025-09-sa-fr01-004,99,13,72,14,0,0,0,13,0,72.778611,-22.990556,NA,NA,NA,soft_silt,flat,100,-1,REVIEW,85,13.131313131313131,72.72727272727273,14.141414141414142,0,15.294117647058824,84.70588235294117,100
2025_09_SA_FR01_004_0044.png,2025-09-sa-fr01-004,100,19,75,5,1,0,0,19,0,72.778611,-22.990556,NA,NA,NA,soft_silt,flat,100,0,PASS,94,19,75,5,1,20.21276595744681,79.7872340425532,100
2025_09_SA_FR01_004_0045.png,2025-09-sa-fr01-004,100,13,81,5,1,0,0,13,0,72.778611,-22.990556,NA,NA,NA,soft_silt,flat,100,0,PASS,94,13,81,5,1,13.829787234042554,86.17021276595744,100
2025_09_SA_FR01_004_0046.png,2025-09-sa-fr01-004,100,13,69,18,0,0,0,13,0,72.778611,-22.990556,NA,NA,NA,soft_silt,flat,100,0,PASS,82,13,69,18,0,15.853658536585366,84.14634146341463,100
2025_09_SA_FR01_004_0047.png,2025-09-sa-fr01-004,100,7,88,5,0,0,0,7,0,72.778611,-22.990556,NA,NA,NA,soft_silt,flat,100,0,PASS,95,7,88,5,0,7.368421052631579,92.63157894736842,100
2025_09_SA_FR01_004_0048.png,2025-09-sa-fr01-004,100,9,78,13,0,0,0,9,0,72.778611,-22.990556,NA,NA,NA,soft_silt,flat,100,0,PASS,87,9,78,13,0,10.344827586206897,89.65517241379311,100
2025_09_SA_FR01_004_0049.png,2025-09-sa-fr01-004,100,17,50,33,0,0,0,17,0,72.778611,-22.990556,NA,NA,NA,soft_silt,flat,100,0,PASS,67,17,50,33,0,25.37313432835821,74.6268656716418,100
2025_09_SA_FR01_004_0050.png,2025-09-sa-fr01-004,100,15,63,21,1,0,0,15,0,72.778611,-22.990556,NA,NA,NA,soft_silt,flat,100,0,PASS,78,15,63,21,1,19.23076923076923,80.76923076923077,100
2025_09_SA_FR01_004_0051.png,2025-09-sa-fr01-004,100,42,48,10,0,0,0,42,0,72.778611,-22.990556,NA,NA,NA,soft_silt,flat,100,0,PASS,90,42,48,10,0,46.666666666666664,53.333333333333336,100
2025_09_SA_FR01_004_0052.png,2025-09-sa-fr01-004,100,48,48,4,0,0,0,48,0,72.778611,-22.990556,NA,NA,NA,soft_silt,flat,100,0,PASS,96,48,48,4,0,50,50,100
2025_09_SA_FR01_004_0053.png,2025-09-sa-fr01-004,100,23,68,7,2,0,0,23,0,72.778611,-22.990556,NA,NA,NA,soft_silt,flat,100,0,PASS,91,23,68,7,2,25.274725274725274,74.72527472527473,100
2025_09_SA_FR01_004_0054.png,2025-09-sa-fr01-004,101,46,54,0,1,0,0,46,0,72.778611,-22.990556,NA,NA,NA,soft_silt,flat,100,1,REVIEW,100,45.54455445544554,53.46534653465346,0,0.9900990099009901,46,54,100
2025_09_SA_FR01_004_0055.png,2025-09-sa-fr01-004,100,28,60,12,0,0,0,28,0,72.778611,-22.990556,NA,NA,NA,soft_silt,flat,100,0,PASS,88,28,60,12,0,31.818181818181817,68.18181818181819,100
2025_09_SA_FR01_004_0056.png,2025-09-sa-fr01-004,100,21,60,19,0,0,0,21,0,72.778611,-22.990556,NA,NA,NA,soft_silt,flat,100,0,PASS,81,21,60,19,0,25.925925925925927,74.07407407407408,100
2025_09_SA_FR01_004_0057.png,2025-09-sa-fr01-004,100,25,71,4,0,0,0,25,0,72.778611,-22.990556,NA,NA,NA,soft_silt,flat,100,0,PASS,96,25,71,4,0,26.041666666666668,73.95833333333333,100
2025_09_SA_FR01_004_0058.png,2025-09-sa-fr01-004,100,16,73,9,2,0,0,16,0,72.778611,-22.990556,NA,NA,NA,soft_silt,flat,100,0,PASS,89,16,73,9,2,17.97752808988764,82.02247191011236,100
2025_09_SA_FR01_004_0059.png,2025-09-sa-fr01-004,100,20,75,3,2,0,0,20,0,72.778611,-22.990556,NA,NA,NA,soft_silt,flat,100,0,PASS,95,20,75,3,2,21.05263157894737,78.94736842105263,100
2025_09_SA_FR01_004_0060.png,2025-09-sa-fr01-004,100,10,73,16,1,0,0,10,0,72.778611,-22.990556,NA,NA,NA,soft_silt,flat,100,0,PASS,83,10,73,16,1,12.048192771084338,87.95180722891567,100
2025_09_SA_FR01_004_0061.png,2025-09-sa-fr01-004,100,15,85,0,0,0,0,15,0,72.778611,-22.990556,NA,NA,NA,soft_silt,flat,100,0,PASS,100,15,85,0,0,15,85,100
2025_09_SA_FR01_004_0062.png,2025-09-sa-fr01-004,100,10,80,10,0,0,0,10,0,72.778611,-22.990556,NA,NA,NA,soft_silt,flat,100,0,PASS,90,10,80,10,0,11.11111111111111,88.88888888888889,100
2025_09_SA_FR01_004_0063.png,2025-09-sa-fr01-004,100,14,83,2,1,0,0,14,0,72.778611,-22.990556,NA,NA,NA,soft_silt,flat,100,0,PASS,97,14,83,2,1,14.43298969072165,85.56701030927834,100
2025_09_SA_FR01_004_0064.png,2025-09-sa-fr01-004,100,11,66,22,1,0,0,11,0,72.778611,-22.990556,NA,NA,NA,soft_silt,flat,100,0,PASS,77,11,66,22,1,14.285714285714286,85.71428571428571,100
2025_09_SA_FR01_004_0065.png,2025-09-sa-fr01-004,100,27,41,31,1,0,0,27,0,72.778611,-22.990556,NA,NA,NA,soft_silt,flat,100,0,PASS,68,27,41,31,1,39.705882352941174,60.294117647058826,100
2025_09_SA_FR01_004_0066.png,2025-09-sa-fr01-004,100,10,49,39,2,0,0,10,0,72.778611,-22.990556,NA,NA,NA,soft_silt,flat,100,0,PASS,59,10,49,39,2,16.949152542372882,83.05084745762711,100
2025_09_SA_FR01_005_0007.png,2025-09-sa-fr01-005,100,26,33,40,1,0,0,26,0,72.734683,-22.989967,NA,NA,NA,hard_pebble_silt,flat,100,0,PASS,59,26,33,40,1,44.067796610169495,55.932203389830505,100
2025_09_SA_FR01_005_0008.png,2025-09-sa-fr01-005,100,60,24,10,6,0,0,60,0,72.734683,-22.989967,NA,NA,NA,hard_silt_shelldead,flat,100,0,PASS,84,60,24,10,6,71.42857142857143,28.571428571428573,100
2025_09_SA_FR01_005_0009.png,2025-09-sa-fr01-005,100,49,46,3,2,0,0,49,0,72.734683,-22.989967,NA,NA,NA,hard_soft_silt_pebble,flat,100,0,PASS,95,49,46,3,2,51.578947368421055,48.421052631578945,100
2025_09_SA_FR01_005_0010.png,2025-09-sa-fr01-005,100,49,33,17,1,0,0,49,0,72.734683,-22.989967,NA,NA,NA,soft_silt_pebble,flat,100,0,PASS,82,49,33,17,1,59.75609756097561,40.24390243902439,100
2025_09_SA_FR01_005_0011.png,2025-09-sa-fr01-005,100,71,19,10,0,0,0,71,0,72.734683,-22.989967,NA,NA,NA,hard_pebble_silt,flat,100,0,PASS,90,71,19,10,0,78.88888888888889,21.11111111111111,100
2025_09_SA_FR01_005_0012.png,2025-09-sa-fr01-005,100,61,26,11,2,0,0,61,0,72.734683,-22.989967,NA,NA,NA,hard_pebble_shelldead,flat,100,0,PASS,87,61,26,11,2,70.11494252873563,29.885057471264368,100
2025_09_SA_FR01_005_0013.png,2025-09-sa-fr01-005,100,66,27,7,0,0,0,66,0,72.734683,-22.989967,NA,NA,NA,hard_pebble_sand,flat,100,0,PASS,93,66,27,7,0,70.96774193548387,29.032258064516128,100
2025_09_SA_FR01_005_0014.png,2025-09-sa-fr01-005,100,74,13,13,0,0,0,74,0,72.734683,-22.989967,NA,NA,NA,hard_boulder_pebble,flat,100,0,PASS,87,74,13,13,0,85.05747126436782,14.942528735632184,100
2025_09_SA_FR01_005_0015.png,2025-09-sa-fr01-005,100,67,31,2,0,0,0,67,0,72.734683,-22.989967,NA,NA,NA,hard_pebble_boulder,flat,100,0,PASS,98,67,31,2,0,68.36734693877551,31.632653061224488,100
2025_09_SA_FR01_005_0016.png,2025-09-sa-fr01-005,100,77,15,8,0,0,0,77,0,72.734683,-22.989967,NA,NA,NA,hard_sand_shelldead,flat,100,0,PASS,92,77,15,8,0,83.69565217391305,16.304347826086957,100
2025_09_SA_FR01_005_0017.png,2025-09-sa-fr01-005,100,39,39,21,1,0,0,39,0,72.734683,-22.989967,NA,NA,NA,soft_silt,flat,100,0,PASS,78,39,39,21,1,50,50,100
2025_09_SA_FR01_005_0018.png,2025-09-sa-fr01-005,100,54,39,7,0,0,0,54,0,72.734683,-22.989967,NA,NA,NA,soft_sand,flat,100,0,PASS,93,54,39,7,0,58.064516129032256,41.935483870967744,100
2025_09_SA_FR01_005_0020.png,2025-09-sa-fr01-005,100,67,24,9,0,0,0,67,0,72.734683,-22.989967,NA,NA,NA,hard_pebble_boulder,flat,100,0,PASS,91,67,24,9,0,73.62637362637362,26.373626373626372,100
2025_09_SA_FR01_005_0021.png,2025-09-sa-fr01-005,100,53,35,12,0,0,0,53,0,72.734683,-22.989967,NA,NA,NA,hard_pebble_shelldead,flat,100,0,PASS,88,53,35,12,0,60.22727272727273,39.77272727272727,100
2025_09_SA_FR01_005_0022.png,2025-09-sa-fr01-005,100,46,22,32,0,0,0,46,0,72.734683,-22.989967,NA,NA,NA,hard_pebble,flat,100,0,PASS,68,46,22,32,0,67.6470588235294,32.35294117647059,100
2025_09_SA_FR01_005_0023.png,2025-09-sa-fr01-005,101,57,21,23,0,0,0,57,0,72.734683,-22.989967,NA,NA,NA,hard_pebble_shelldead,flat,100,1,REVIEW,78,56.43564356435643,20.792079207920793,22.77227722772277,0,73.07692307692308,26.923076923076923,100
2025_09_SA_FR01_006_0003.png,2025-09-sa-fr01-006,101,66,35,0,0,0,0,66,0,72.7196,-22.922033,NA,NA,NA,hard_pebble_cobble,flat,100,1,REVIEW,101,65.34653465346534,34.65346534653465,0,0,65.34653465346534,34.65346534653465,100
2025_09_SA_FR01_006_0004.png,2025-09-sa-fr01-006,100,81,18,1,0,0,0,81,0,72.7196,-22.922033,NA,NA,NA,hard_shelldead_cobble,flat,100,0,PASS,99,81,18,1,0,81.81818181818181,18.181818181818183,100
2025_09_SA_FR01_006_0005.png,2025-09-sa-fr01-006,100,62,38,0,0,0,0,62,0,72.7196,-22.922033,NA,NA,NA,hard_cobble_pebble,flat,100,0,PASS,100,62,38,0,0,62,38,100
2025_09_SA_FR01_006_0006.png,2025-09-sa-fr01-006,100,91,9,0,0,0,0,91,0,72.7196,-22.922033,NA,NA,NA,hard_cobble_shelldead,flat,100,0,PASS,100,91,9,0,0,91,9,100
2025_09_SA_FR01_006_0007.png,2025-09-sa-fr01-006,100,90,10,0,0,0,0,90,0,72.7196,-22.922033,NA,NA,NA,hard_cobble_shelldead,flat,100,0,PASS,100,90,10,0,0,90,10,100
2025_09_SA_FR01_006_0008.png,2025-09-sa-fr01-006,100,88,12,0,0,0,0,88,0,72.7196,-22.922033,NA,NA,NA,hard_cobble_shelldead,flat,100,0,PASS,100,88,12,0,0,88,12,100
2025_09_SA_FR01_006_0009.png,2025-09-sa-fr01-006,102,94,8,0,0,0,0,94,0,72.7196,-22.922033,NA,NA,NA,hard_shelldead,flat,100,2,REVIEW,102,92.15686274509804,7.8431372549019605,0,0,92.15686274509804,7.8431372549019605,100
2025_09_SA_FR01_006_0010.png,2025-09-sa-fr01-006,100,89,11,0,0,0,0,89,0,72.7196,-22.922033,NA,NA,NA,hard_cobble,flat,100,0,PASS,100,89,11,0,0,89,11,100
2025_09_SA_FR01_006_0011.png,2025-09-sa-fr01-006,101,101,0,0,0,0,0,101,0,72.7196,-22.922033,NA,NA,NA,NA,NA,100,1,REVIEW,101,100,0,0,0,100,0,100
2025_09_SA_FR01_006_0012.png,2025-09-sa-fr01-006,100,88,12,0,0,0,0,88,0,72.7196,-22.922033,NA,NA,NA,hard_cobble_shelldead,flat,100,0,PASS,100,88,12,0,0,88,12,100
2025_09_SA_FR01_006_0013.png,2025-09-sa-fr01-006,100,97,3,0,0,0,0,97,0,72.7196,-22.922033,NA,NA,NA,hard_cobble_shelldead,flat,100,0,PASS,100,97,3,0,0,97,3,100
2025_09_SA_FR01_006_0014.png,2025-09-sa-fr01-006,101,96,5,0,0,0,0,96,0,72.7196,-22.922033,NA,NA,NA,hard_cobble_shelldead,flat,100,1,REVIEW,101,95.04950495049505,4.9504950495049505,0,0,95.04950495049505,4.9504950495049505,100
2025_09_SA_FR01_006_0015.png,2025-09-sa-fr01-006,99,69,29,1,0,0,0,69,0,72.7196,-22.922033,NA,NA,NA,hard_shelldead_pebble,flat,100,-1,REVIEW,98,69.6969696969697,29.292929292929294,1.0101010101010102,0,70.40816326530613,29.591836734693878,100
2025_09_SA_FR01_006_0016.png,2025-09-sa-fr01-006,101,94,7,0,0,0,0,94,0,72.7196,-22.922033,NA,NA,NA,hard_cobble_shelldead,flat,100,1,REVIEW,101,93.06930693069307,6.930693069306931,0,0,93.06930693069307,6.930693069306931,100
2025_09_SA_FR01_006_0017.png,2025-09-sa-fr01-006,100,98,2,0,0,0,0,98,0,72.7196,-22.922033,NA,NA,NA,hard_shelldead,flat,100,0,PASS,100,98,2,0,0,98,2,100
2025_09_SA_FR01_006_0018.png,2025-09-sa-fr01-006,100,93,7,0,0,0,0,93,0,72.7196,-22.922033,NA,NA,NA,hard_cobble,flat,100,0,PASS,100,93,7,0,0,93,7,100
2025_09_SA_FR01_007_0008.png,2025-09-sa-fr01-007,100,9,64,26,1,0,0,9,0,72.715617,-22.824317,NA,NA,NA,soft_silt,flat,100,0,PASS,73,9,64,26,1,12.32876712328767,87.67123287671232,100
2025_09_SA_FR01_007_0009.png,2025-09-sa-fr01-007,99,26,55,18,0,0,0,26,0,72.715617,-22.824317,NA,NA,NA,soft_silt,flat,100,-1,REVIEW,81,26.262626262626263,55.55555555555556,18.181818181818183,0,32.098765432098766,67.90123456790124,100
2025_09_SA_FR01_007_0010.png,2025-09-sa-fr01-007,100,22,64,14,0,0,0,22,0,72.715617,-22.824317,NA,NA,NA,soft_silt,flat,100,0,PASS,86,22,64,14,0,25.58139534883721,74.4186046511628,100
2025_09_SA_FR01_007_0011.png,2025-09-sa-fr01-007,100,17,73,10,0,0,0,17,0,72.715617,-22.824317,NA,NA,NA,soft_silt,flat,100,0,PASS,90,17,73,10,0,18.88888888888889,81.11111111111111,100
2025_09_SA_FR01_007_0012.png,2025-09-sa-fr01-007,100,13,81,6,0,0,0,13,0,72.715617,-22.824317,NA,NA,NA,soft_silt_bioturbation,flat,100,0,PASS,94,13,81,6,0,13.829787234042554,86.17021276595744,100
2025_09_SA_FR01_007_0013.png,2025-09-sa-fr01-007,100,17,71,12,0,0,0,17,0,72.715617,-22.824317,NA,NA,NA,soft_silt,flat,100,0,PASS,88,17,71,12,0,19.318181818181817,80.68181818181819,100
2025_09_SA_FR01_007_0014.png,2025-09-sa-fr01-007,100,11,82,5,2,0,0,11,0,72.715617,-22.824317,NA,NA,NA,soft_silt,flat,100,0,PASS,93,11,82,5,2,11.827956989247312,88.17204301075269,100
2025_09_SA_FR01_007_0015.png,2025-09-sa-fr01-007,99,10,61,28,0,0,0,10,0,72.715617,-22.824317,NA,NA,NA,soft_silt,flat,100,-1,REVIEW,71,10.1010101010101,61.61616161616162,28.282828282828284,0,14.084507042253522,85.91549295774648,100
2025_09_SA_FR01_007_0016.png,2025-09-sa-fr01-007,100,14,39,47,0,0,0,14,0,72.715617,-22.824317,NA,NA,NA,soft_silt,flat,100,0,PASS,53,14,39,47,0,26.41509433962264,73.58490566037736,100
2025_09_SA_FR01_007_0017.png,2025-09-sa-fr01-007,100,10,62,28,0,0,0,10,0,72.715617,-22.824317,NA,NA,NA,soft_silt,flat,100,0,PASS,72,10,62,28,0,13.88888888888889,86.11111111111111,100
2025_09_SA_FR01_007_0018.png,2025-09-sa-fr01-007,100,10,71,19,0,0,0,10,0,72.715617,-22.824317,NA,NA,NA,soft_silt,flat,100,0,PASS,81,10,71,19,0,12.345679012345679,87.65432098765432,100
2025_09_SA_FR01_007_0019.png,2025-09-sa-fr01-007,100,6,77,17,0,0,0,6,0,72.715617,-22.824317,NA,NA,NA,soft_silt,flat,100,0,PASS,83,6,77,17,0,7.228915662650603,92.7710843373494,100
2025_09_SA_FR01_007_0020.png,2025-09-sa-fr01-007,100,28,66,6,0,0,0,28,0,72.715617,-22.824317,NA,NA,NA,soft_silt,flat,100,0,PASS,94,28,66,6,0,29.78723404255319,70.2127659574468,100
2025_09_SA_FR01_007_0021.png,2025-09-sa-fr01-007,100,13,73,14,0,0,0,13,0,72.715617,-22.824317,NA,NA,NA,soft_silt,flat,100,0,PASS,86,13,73,14,0,15.116279069767442,84.88372093023256,100
2025_09_SA_FR01_007_0024.png,2025-09-sa-fr01-007,99,10,79,10,0,0,0,10,0,72.715617,-22.824317,NA,NA,NA,soft_silt,flat,100,-1,REVIEW,89,10.1010101010101,79.79797979797979,10.1010101010101,0,11.235955056179776,88.76404494382022,100
2025_09_SA_FR01_007_0025.png,2025-09-sa-fr01-007,100,36,61,3,0,0,0,36,0,72.715617,-22.824317,NA,NA,NA,soft_silt,flat,100,0,PASS,97,36,61,3,0,37.11340206185567,62.88659793814433,100
2025_09_SA_FR01_007_0026.png,2025-09-sa-fr01-007,100,10,76,13,1,0,0,10,0,72.715617,-22.824317,NA,NA,NA,soft_silt,flat,100,0,PASS,86,10,76,13,1,11.627906976744185,88.37209302325581,100
2025_09_SA_FR01_007_0027.png,2025-09-sa-fr01-007,100,17,73,10,0,0,0,17,0,72.715617,-22.824317,NA,NA,NA,soft_silt,flat,100,0,PASS,90,17,73,10,0,18.88888888888889,81.11111111111111,100
2025_09_SA_FR01_007_0028.png,2025-09-sa-fr01-007,100,21,61,18,0,0,0,21,0,72.715617,-22.824317,NA,NA,NA,soft_silt,flat,100,0,PASS,82,21,61,18,0,25.609756097560975,74.39024390243902,100
2025_09_SA_FR01_007_0029.png,2025-09-sa-fr01-007,100,23,63,14,0,0,0,23,0,72.715617,-22.824317,NA,NA,NA,soft_silt_bioturbation,flat,100,0,PASS,86,23,63,14,0,26.74418604651163,73.25581395348837,100
2025_09_SA_FR01_007_0030.png,2025-09-sa-fr01-007,99,27,61,11,0,0,0,27,0,72.715617,-22.824317,NA,NA,NA,soft_silt,flat,100,-1,REVIEW,88,27.272727272727273,61.61616161616162,11.11111111111111,0,30.681818181818183,69.31818181818181,100
2025_09_SA_FR01_007_0031.png,2025-09-sa-fr01-007,101,31,64,6,0,0,0,31,0,72.715617,-22.824317,NA,NA,NA,soft_silt,flat,100,1,REVIEW,95,30.693069306930692,63.366336633663366,5.9405940594059405,0,32.63157894736842,67.36842105263158,100
2025_09_SA_FR01_007_0032.png,2025-09-sa-fr01-007,99,18,69,11,1,0,0,18,0,72.715617,-22.824317,NA,NA,NA,soft_silt,flat,100,-1,REVIEW,87,18.181818181818183,69.6969696969697,11.11111111111111,1.0101010101010102,20.689655172413794,79.3103448275862,100
2025_09_SA_FR01_007_0033.png,2025-09-sa-fr01-007,100,8,87,4,1,0,0,8,0,72.715617,-22.824317,NA,NA,NA,soft_silt,flat,100,0,PASS,95,8,87,4,1,8.421052631578947,91.57894736842105,100
2025_09_SA_FR01_007_0034.png,2025-09-sa-fr01-007,101,54,32,14,1,0,0,54,0,72.715617,-22.824317,NA,NA,NA,soft_silt,flat,100,1,REVIEW,86,53.46534653465346,31.683168316831683,13.861386138613861,0.9900990099009901,62.7906976744186,37.2093023255814,100
2025_09_SA_FR01_007_0035.png,2025-09-sa-fr01-007,100,13,80,7,0,0,0,13,0,72.715617,-22.824317,NA,NA,NA,soft_silt,flat,100,0,PASS,93,13,80,7,0,13.978494623655914,86.02150537634408,100
2025_09_SA_FR01_007_0036.png,2025-09-sa-fr01-007,100,54,33,13,0,0,0,54,0,72.715617,-22.824317,NA,NA,NA,soft_silt,flat,100,0,PASS,87,54,33,13,0,62.06896551724138,37.93103448275862,100
2025_09_SA_FR01_007_0037.png,2025-09-sa-fr01-007,100,13,63,24,0,0,0,13,0,72.715617,-22.824317,NA,NA,NA,soft_silt,flat,100,0,PASS,76,13,63,24,0,17.105263157894736,82.89473684210526,100
2025_09_SA_FR01_007_0038.png,2025-09-sa-fr01-007,100,16,58,26,0,0,0,16,0,72.715617,-22.824317,NA,NA,NA,soft_silt,flat,100,0,PASS,74,16,58,26,0,21.62162162162162,78.37837837837837,100
2025_09_SA_FR01_009_0014.png,2025-09-sa-fr01-009,100,2,96,2,0,0,0,2,0,74.316733,-22.204767,NA,NA,NA,soft_silt,flat,100,0,PASS,98,2,96,2,0,2.0408163265306123,97.95918367346938,100
2025_09_SA_FR01_009_0015.png,2025-09-sa-fr01-009,101,3,93,5,0,0,0,3,0,74.316733,-22.204767,NA,NA,NA,soft_silt,flat,100,1,REVIEW,96,2.9702970297029703,92.07920792079207,4.9504950495049505,0,3.125,96.875,100
2025_09_SA_FR01_009_0016.png,2025-09-sa-fr01-009,100,7,91,2,0,0,0,7,0,74.316733,-22.204767,NA,NA,NA,soft_silt,flat,100,0,PASS,98,7,91,2,0,7.142857142857143,92.85714285714286,100
2025_09_SA_FR01_009_0017.png,2025-09-sa-fr01-009,99,6,84,9,0,0,0,6,0,74.316733,-22.204767,NA,NA,NA,soft_silt,flat,100,-1,REVIEW,90,6.0606060606060606,84.84848484848484,9.090909090909092,0,6.666666666666667,93.33333333333333,100
2025_09_SA_FR01_009_0018.png,2025-09-sa-fr01-009,100,7,67,26,0,0,0,7,0,74.316733,-22.204767,NA,NA,NA,soft_silt,flat,100,0,PASS,74,7,67,26,0,9.45945945945946,90.54054054054055,100
2025_09_SA_FR01_009_0019.png,2025-09-sa-fr01-009,100,14,80,6,0,0,0,14,0,74.316733,-22.204767,NA,NA,NA,soft_silt,flat,100,0,PASS,94,14,80,6,0,14.893617021276595,85.1063829787234,100
2025_09_SA_FR01_009_0020.png,2025-09-sa-fr01-009,101,1,66,34,0,0,0,1,0,74.316733,-22.204767,NA,NA,NA,soft_silt_bioturbation,flat,100,1,REVIEW,67,0.9900990099009901,65.34653465346534,33.663366336633665,0,1.492537313432836,98.50746268656717,100
2025_09_SA_FR01_009_0021.png,2025-09-sa-fr01-009,100,9,69,22,0,0,0,9,0,74.316733,-22.204767,NA,NA,NA,soft_silt,flat,100,0,PASS,78,9,69,22,0,11.538461538461538,88.46153846153847,100
2025_09_SA_FR01_009_0022.png,2025-09-sa-fr01-009,100,7,89,4,0,0,0,7,0,74.316733,-22.204767,NA,NA,NA,soft_silt,flat,100,0,PASS,96,7,89,4,0,7.291666666666667,92.70833333333333,100
2025_09_SA_FR01_009_0023.png,2025-09-sa-fr01-009,100,11,77,12,0,0,0,11,0,74.316733,-22.204767,NA,NA,NA,soft_silt,flat,100,0,PASS,88,11,77,12,0,12.5,87.5,100
2025_09_SA_FR01_009_0024.png,2025-09-sa-fr01-009,100,7,93,0,0,0,0,7,0,74.316733,-22.204767,NA,NA,NA,soft_silt_bioturbation,flat,100,0,PASS,100,7,93,0,0,7,93,100
2025_09_SA_FR01_009_0025.png,2025-09-sa-fr01-009,100,2,82,16,0,0,0,2,0,74.316733,-22.204767,NA,NA,NA,soft_silt,flat,100,0,PASS,84,2,82,16,0,2.380952380952381,97.61904761904762,100
2025_09_SA_FR01_009_0026.png,2025-09-sa-fr01-009,100,5,77,18,0,0,0,5,0,74.316733,-22.204767,NA,NA,NA,soft_silt_bioturbation,flat,100,0,PASS,82,5,77,18,0,6.097560975609756,93.90243902439025,100
2025_09_SA_FR01_009_0027.png,2025-09-sa-fr01-009,100,11,72,17,0,0,0,11,0,74.316733,-22.204767,NA,NA,NA,soft_bioturbation_silt,flat,100,0,PASS,83,11,72,17,0,13.25301204819277,86.74698795180723,100
2025_09_SA_FR01_009_0028.png,2025-09-sa-fr01-009,100,2,71,27,0,0,0,2,0,74.316733,-22.204767,NA,NA,NA,soft_silt_bioturbation,flat,100,0,PASS,73,2,71,27,0,2.73972602739726,97.26027397260275,100
2025_09_SA_FR01_009_0029.png,2025-09-sa-fr01-009,100,0,55,45,0,0,0,0,0,74.316733,-22.204767,NA,NA,NA,soft_silt,flat,100,0,PASS,55,0,55,45,0,0,100,NA
2025_09_SA_FR01_009_0030.png,2025-09-sa-fr01-009,100,8,58,34,0,0,0,8,0,74.316733,-22.204767,NA,NA,NA,soft_bioturbation_silt,flat,100,0,PASS,66,8,58,34,0,12.121212121212121,87.87878787878788,100
2025_09_SA_FR01_009_0031.png,2025-09-sa-fr01-009,100,4,87,9,0,0,0,4,0,74.316733,-22.204767,NA,NA,NA,soft_silt_bioturbation,flat,100,0,PASS,91,4,87,9,0,4.395604395604396,95.6043956043956,100
2025_09_SA_FR01_009_0032.png,2025-09-sa-fr01-009,100,14,43,43,0,0,0,14,0,74.316733,-22.204767,NA,NA,NA,soft_silt,flat,100,0,PASS,57,14,43,43,0,24.56140350877193,75.43859649122807,100
2025_09_SA_FR01_009_0033.png,2025-09-sa-fr01-009,100,3,56,41,0,0,0,3,0,74.316733,-22.204767,NA,NA,NA,soft_silt_bioturbation,flat,100,0,PASS,59,3,56,41,0,5.084745762711864,94.91525423728814,100
2025_09_SA_FR01_009_0034.png,2025-09-sa-fr01-009,100,2,34,64,0,0,0,2,0,74.316733,-22.204767,NA,NA,NA,soft_silt,flat,100,0,PASS,36,2,34,64,0,5.555555555555555,94.44444444444444,100
2025_09_SA_FR01_009_0035.png,2025-09-sa-fr01-009,100,4,71,24,1,0,0,4,0,74.316733,-22.204767,NA,NA,NA,soft_silt_bioturbation,flat,100,0,PASS,75,4,71,24,1,5.333333333333333,94.66666666666667,100
2025_09_SA_FR01_009_0036.png,2025-09-sa-fr01-009,100,3,65,32,0,0,0,3,0,74.316733,-22.204767,NA,NA,NA,soft_silt_bioturbation,flat,100,0,PASS,68,3,65,32,0,4.411764705882353,95.58823529411765,100
2025_09_SA_FR01_009_0037.png,2025-09-sa-fr01-009,100,1,74,25,0,0,0,1,0,74.316733,-22.204767,NA,NA,NA,soft_silt_bioturbation,flat,100,0,PASS,75,1,74,25,0,1.3333333333333333,98.66666666666667,100
2025_09_SA_FR01_009_0038.png,2025-09-sa-fr01-009,100,3,76,21,0,0,0,3,0,74.316733,-22.204767,NA,NA,NA,soft_silt_bioturbation,flat,100,0,PASS,79,3,76,21,0,3.7974683544303796,96.20253164556962,100
2025_09_SA_FR01_009_0039.png,2025-09-sa-fr01-009,100,4,84,12,0,0,0,4,0,74.316733,-22.204767,NA,NA,NA,soft_silt_bioturbation,flat,100,0,PASS,88,4,84,12,0,4.545454545454546,95.45454545454545,100
2025_09_SA_FR01_009_0040.png,2025-09-sa-fr01-009,100,4,72,24,0,0,0,4,0,74.316733,-22.204767,NA,NA,NA,soft_silt_bioturbation,flat,100,0,PASS,76,4,72,24,0,5.2631578947368425,94.73684210526316,100
2025_09_SA_FR01_009_0041.png,2025-09-sa-fr01-009,100,0,47,53,0,0,0,0,0,74.316733,-22.204767,NA,NA,NA,soft_silt,flat,100,0,PASS,47,0,47,53,0,0,100,NA
2025_09_SA_FR01_009_0042.png,2025-09-sa-fr01-009,100,10,71,19,0,0,0,10,0,74.316733,-22.204767,NA,NA,NA,soft_silt_bioturbation,flat,100,0,PASS,81,10,71,19,0,12.345679012345679,87.65432098765432,100
2025_09_SA_FR01_009_0043.png,2025-09-sa-fr01-009,100,17,56,27,0,0,0,17,0,74.316733,-22.204767,NA,NA,NA,soft_silt,flat,100,0,PASS,73,17,56,27,0,23.28767123287671,76.71232876712328,100
2025_09_SA_FR01_009_0044.png,2025-09-sa-fr01-009,100,3,66,31,0,0,0,3,0,74.316733,-22.204767,NA,NA,NA,soft_silt,flat,100,0,PASS,69,3,66,31,0,4.3478260869565215,95.65217391304348,100
2025_09_SA_FR01_009_0045.png,2025-09-sa-fr01-009,100,11,68,21,0,0,0,11,0,74.316733,-22.204767,NA,NA,NA,soft_bioturbation_silt,flat,100,0,PASS,79,11,68,21,0,13.924050632911392,86.07594936708861,100
2025_09_SA_FR01_009_0046.png,2025-09-sa-fr01-009,100,5,78,17,0,0,0,5,0,74.316733,-22.204767,NA,NA,NA,soft_silt,flat,100,0,PASS,83,5,78,17,0,6.024096385542169,93.97590361445783,100
2025_09_SA_FR01_009_0047.png,2025-09-sa-fr01-009,100,4,80,16,0,0,0,4,0,74.316733,-22.204767,NA,NA,NA,soft_silt,flat,100,0,PASS,84,4,80,16,0,4.761904761904762,95.23809523809524,100
2025_09_SA_FR01_010_0006.png,2025-09-sa-fr01-010,100,43,37,18,2,0,0,43,0,74.315883,-22.03875,NA,NA,NA,soft_silt,flat,100,0,PASS,80,43,37,18,2,53.75,46.25,100
2025_09_SA_FR01_010_0007.png,2025-09-sa-fr01-010,100,30,60,10,0,0,0,30,0,74.315883,-22.03875,NA,NA,NA,soft_silt_shelldead,flat,100,0,PASS,90,30,60,10,0,33.333333333333336,66.66666666666667,100
2025_09_SA_FR01_010_0008.png,2025-09-sa-fr01-010,100,38,49,13,0,0,0,38,0,74.315883,-22.03875,NA,NA,NA,soft_silt_shelldead,flat,100,0,PASS,87,38,49,13,0,43.67816091954023,56.32183908045977,100
2025_09_SA_FR01_010_0009.png,2025-09-sa-fr01-010,100,97,2,1,0,0,0,97,0,74.315883,-22.03875,NA,NA,NA,soft_silt,flat,100,0,PASS,99,97,2,1,0,97.97979797979798,2.0202020202020203,100
2025_09_SA_FR01_010_0010.png,2025-09-sa-fr01-010,100,76,0,24,0,0,0,76,0,74.315883,-22.03875,NA,NA,NA,NA,NA,100,0,PASS,76,76,0,24,0,100,0,100
2025_09_SA_FR01_011_v1_0028.png,2025-09-sa-fr01-011,100,62,36,2,0,0,0,62,0,74.0932,-21.253383,NA,NA,NA,hard_silt_pebble,flat,100,0,PASS,98,62,36,2,0,63.265306122448976,36.734693877551024,100
2025_09_SA_FR01_011_v1_0029.png,2025-09-sa-fr01-011,101,95,2,4,0,0,0,95,0,74.0932,-21.253383,NA,NA,NA,hard_shelldead,flat,100,1,REVIEW,97,94.05940594059406,1.9801980198019802,3.9603960396039604,0,97.9381443298969,2.0618556701030926,100
2025_09_SA_FR01_011_v1_0030.png,2025-09-sa-fr01-011,100,50,45,5,0,0,0,50,0,74.0932,-21.253383,NA,NA,NA,soft_silt,flat,100,0,PASS,95,50,45,5,0,52.63157894736842,47.36842105263158,100
2025_09_SA_FR01_011_v1_0031.png,2025-09-sa-fr01-011,100,60,34,6,0,0,0,60,0,74.0932,-21.253383,NA,NA,NA,soft_silt,flat,100,0,PASS,94,60,34,6,0,63.829787234042556,36.170212765957444,100
2025_09_SA_FR01_011_v1_0032.png,2025-09-sa-fr01-011,100,89,6,5,0,0,0,89,0,74.0932,-21.253383,NA,NA,NA,hard_cobble,flat,100,0,PASS,95,89,6,5,0,93.6842105263158,6.315789473684211,100
2025_09_SA_FR01_011_v1_0033.png,2025-09-sa-fr01-011,100,70,25,5,0,0,0,70,0,74.0932,-21.253383,NA,NA,NA,soft_silt_cobble,flat,100,0,PASS,95,70,25,5,0,73.6842105263158,26.31578947368421,100
2025_09_SA_FR01_011_v1_0034.png,2025-09-sa-fr01-011,100,35,62,3,0,0,0,35,0,74.0932,-21.253383,NA,NA,NA,soft_silt,flat,100,0,PASS,97,35,62,3,0,36.08247422680412,63.91752577319588,100
2025_09_SA_FR01_011_v1_0035.png,2025-09-sa-fr01-011,100,25,69,6,0,0,0,25,0,74.0932,-21.253383,NA,NA,NA,soft_silt,flat,100,0,PASS,94,25,69,6,0,26.595744680851062,73.40425531914893,100
2025_09_SA_FR01_011_v1_0036.png,2025-09-sa-fr01-011,100,19,70,11,0,0,0,19,0,74.0932,-21.253383,NA,NA,NA,soft_silt_bioturbation,flat,100,0,PASS,89,19,70,11,0,21.348314606741575,78.65168539325843,100
2025_09_SA_FR01_011_v1_0037.png,2025-09-sa-fr01-011,100,31,69,0,0,0,0,31,0,74.0932,-21.253383,NA,NA,NA,soft_silt_pebble,flat,100,0,PASS,100,31,69,0,0,31,69,100
2025_09_SA_FR01_011_v1_0038.png,2025-09-sa-fr01-011,100,30,58,12,0,0,0,30,0,74.0932,-21.253383,NA,NA,NA,soft_silt,flat,100,0,PASS,88,30,58,12,0,34.09090909090909,65.9090909090909,100
2025_09_SA_FR01_011_v1_0039.png,2025-09-sa-fr01-011,100,19,70,11,0,0,0,19,0,74.0932,-21.253383,NA,NA,NA,soft_silt,flat,100,0,PASS,89,19,70,11,0,21.348314606741575,78.65168539325843,100
2025_09_SA_FR01_011_v1_0040.png,2025-09-sa-fr01-011,100,16,69,15,0,0,0,16,0,74.0932,-21.253383,NA,NA,NA,soft_silt,flat,100,0,PASS,85,16,69,15,0,18.823529411764707,81.17647058823529,100
2025_09_SA_FR01_011_v1_0041.png,2025-09-sa-fr01-011,100,17,62,21,0,0,0,17,0,74.0932,-21.253383,NA,NA,NA,soft_silt_bioturbation,flat,100,0,PASS,79,17,62,21,0,21.518987341772153,78.48101265822785,100
2025_09_SA_FR01_011_v1_0042.png,2025-09-sa-fr01-011,100,22,56,22,0,0,0,22,0,74.0932,-21.253383,NA,NA,NA,soft_silt,flat,100,0,PASS,78,22,56,22,0,28.205128205128204,71.7948717948718,100
2025_09_SA_FR01_011_v1_0044.png,2025-09-sa-fr01-011,100,30,38,31,1,0,0,30,0,74.0932,-21.253383,NA,NA,NA,soft_silt,flat,100,0,PASS,68,30,38,31,1,44.11764705882353,55.88235294117647,100
2025_09_SA_FR01_011_v1_0045.png,2025-09-sa-fr01-011,100,19,42,39,0,0,0,19,0,74.0932,-21.253383,NA,NA,NA,soft_silt,flat,100,0,PASS,61,19,42,39,0,31.147540983606557,68.85245901639344,100
2025_09_SA_FR01_011_v1_0046.png,2025-09-sa-fr01-011,100,17,58,24,1,0,0,17,0,74.0932,-21.253383,NA,NA,NA,soft_silt_bioturbation,flat,100,0,PASS,75,17,58,24,1,22.666666666666668,77.33333333333333,100
2025_09_SA_FR01_011_v1_0047.png,2025-09-sa-fr01-011,100,38,61,1,0,0,0,38,0,74.0932,-21.253383,NA,NA,NA,soft_silt,flat,100,0,PASS,99,38,61,1,0,38.38383838383838,61.61616161616162,100
2025_09_SA_FR01_011_v1_0048.png,2025-09-sa-fr01-011,100,31,46,22,1,0,0,31,0,74.0932,-21.253383,NA,NA,NA,soft_silt,flat,100,0,PASS,77,31,46,22,1,40.25974025974026,59.74025974025974,100
2025_09_SA_FR01_011_v1_0049.png,2025-09-sa-fr01-011,100,23,40,37,0,0,0,23,0,74.0932,-21.253383,NA,NA,NA,soft_silt,flat,100,0,PASS,63,23,40,37,0,36.507936507936506,63.492063492063494,100
2025_09_SA_FR01_011_v1_0050.png,2025-09-sa-fr01-011,100,22,45,33,0,0,0,22,0,74.0932,-21.253383,NA,NA,NA,soft_silt,flat,100,0,PASS,67,22,45,33,0,32.83582089552239,67.16417910447761,100
2025_09_SA_FR01_011_v1_0051.png,2025-09-sa-fr01-011,100,18,42,40,0,0,0,18,0,74.0932,-21.253383,NA,NA,NA,soft_silt_bioturbation,flat,100,0,PASS,60,18,42,40,0,30,70,100
2025_09_SA_FR01_011_v1_0052.png,2025-09-sa-fr01-011,100,14,50,36,0,0,0,14,0,74.0932,-21.253383,NA,NA,NA,soft_silt,flat,100,0,PASS,64,14,50,36,0,21.875,78.125,100
2025_09_SA_FR01_011_v1_0053.png,2025-09-sa-fr01-011,100,19,47,34,0,0,0,19,0,74.0932,-21.253383,NA,NA,NA,soft_silt_shelldead,flat,100,0,PASS,66,19,47,34,0,28.78787878787879,71.21212121212122,100
2025_09_SA_FR01_011_v1_0054.png,2025-09-sa-fr01-011,100,21,61,18,0,0,0,21,0,74.0932,-21.253383,NA,NA,NA,soft_silt,flat,100,0,PASS,82,21,61,18,0,25.609756097560975,74.39024390243902,100
2025_09_SA_FR01_011_v1_0055.png,2025-09-sa-fr01-011,101,22,37,42,0,0,0,22,0,74.0932,-21.253383,NA,NA,NA,soft_silt,flat,100,1,REVIEW,59,21.782178217821784,36.633663366336634,41.584158415841586,0,37.28813559322034,62.71186440677966,100
2025_09_SA_FR01_011_v1_0056.png,2025-09-sa-fr01-011,100,16,37,47,0,0,0,16,0,74.0932,-21.253383,NA,NA,NA,soft_silt_bioturbation,flat,100,0,PASS,53,16,37,47,0,30.18867924528302,69.81132075471699,100
2025_09_SA_FR01_011_v1_0059.png,2025-09-sa-fr01-011,100,21,41,38,0,0,0,21,0,74.0932,-21.253383,NA,NA,NA,soft_silt,flat,100,0,PASS,62,21,41,38,0,33.87096774193548,66.12903225806451,100
2025_09_SA_FR01_011_v1_0060.png,2025-09-sa-fr01-011,100,18,43,39,0,0,0,18,0,74.0932,-21.253383,NA,NA,NA,soft_silt_bioturbation,flat,100,0,PASS,61,18,43,39,0,29.508196721311474,70.49180327868852,100
2025_09_SA_FR01_011_v1_0061.png,2025-09-sa-fr01-011,100,26,35,39,0,0,0,26,0,74.0932,-21.253383,NA,NA,NA,soft_silt,flat,100,0,PASS,61,26,35,39,0,42.622950819672134,57.377049180327866,100
2025_09_SA_FR01_011_v1_0062.png,2025-09-sa-fr01-011,100,19,45,36,0,0,0,19,0,74.0932,-21.253383,NA,NA,NA,soft_silt_bioturbation,flat,100,0,PASS,64,19,45,36,0,29.6875,70.3125,100
2025_09_SA_FR01_011_v1_0063.png,2025-09-sa-fr01-011,100,25,48,27,0,0,0,25,0,74.0932,-21.253383,NA,NA,NA,soft_silt,flat,100,0,PASS,73,25,48,27,0,34.24657534246575,65.75342465753425,100
2025_09_SA_FR01_011_v1_0064.png,2025-09-sa-fr01-011,99,11,35,53,0,0,0,11,0,74.0932,-21.253383,NA,NA,NA,soft_silt_bioturbation,flat,100,-1,REVIEW,46,11.11111111111111,35.35353535353536,53.535353535353536,0,23.91304347826087,76.08695652173913,100
2025_09_SA_FR01_011_v1_0065.png,2025-09-sa-fr01-011,101,18,54,29,0,0,0,18,0,74.0932,-21.253383,NA,NA,NA,soft_silt_shelldead,flat,100,1,REVIEW,72,17.821782178217823,53.46534653465346,28.712871287128714,0,25,75,100
2025_09_SA_FR01_011_v1_0066.png,2025-09-sa-fr01-011,100,21,49,30,0,0,0,21,0,74.0932,-21.253383,NA,NA,NA,soft_silt,flat,100,0,PASS,70,21,49,30,0,30,70,100
2025_09_SA_FR01_011_v1_0067.png,2025-09-sa-fr01-011,100,30,48,22,0,0,0,30,0,74.0932,-21.253383,NA,NA,NA,soft_silt,flat,100,0,PASS,78,30,48,22,0,38.46153846153846,61.53846153846154,100
2025_09_SA_FR01_011_v1_0068.png,2025-09-sa-fr01-011,100,14,63,23,0,0,0,14,0,74.0932,-21.253383,NA,NA,NA,hard_silt_pebble,flat,100,0,PASS,77,14,63,23,0,18.181818181818183,81.81818181818181,100
2025_09_SA_FR01_011_v1_0069.png,2025-09-sa-fr01-011,100,11,60,29,0,0,0,11,0,74.0932,-21.253383,NA,NA,NA,hard_silt_pebble,flat,100,0,PASS,71,11,60,29,0,15.492957746478874,84.50704225352112,100
2025_09_SA_FR01_011_v1_0070.png,2025-09-sa-fr01-011,100,38,25,37,0,0,0,38,0,74.0932,-21.253383,NA,NA,NA,hard_boulder_silt,flat,100,0,PASS,63,38,25,37,0,60.317460317460316,39.682539682539684,100
2025_09_SA_FR01_011_v1_0071.png,2025-09-sa-fr01-011,100,27,58,15,0,0,0,27,0,74.0932,-21.253383,NA,NA,NA,soft_silt_pebble,flat,100,0,PASS,85,27,58,15,0,31.764705882352942,68.23529411764706,100
2025_09_SA_FR01_011_v1_0072.png,2025-09-sa-fr01-011,100,42,46,12,0,0,0,42,0,74.0932,-21.253383,NA,NA,NA,hard_silt_boulder,flat,100,0,PASS,88,42,46,12,0,47.72727272727273,52.27272727272727,100
2025_09_SA_FR01_011_v1_0073.png,2025-09-sa-fr01-011,100,26,37,37,0,0,0,26,0,74.0932,-21.253383,NA,NA,NA,soft_silt,flat,100,0,PASS,63,26,37,37,0,41.26984126984127,58.73015873015873,100
2025_09_SA_FR01_011_v1_0074.png,2025-09-sa-fr01-011,101,19,45,37,0,0,0,19,0,74.0932,-21.253383,NA,NA,NA,soft_silt,flat,100,1,REVIEW,64,18.81188118811881,44.554455445544555,36.633663366336634,0,29.6875,70.3125,100
2025_09_SA_FR01_011_v1_0078.png,2025-09-sa-fr01-011,100,14,67,19,0,0,0,14,0,74.0932,-21.253383,NA,NA,NA,soft_silt,flat,100,0,PASS,81,14,67,19,0,17.28395061728395,82.71604938271605,100
2025_09_SA_FR01_011_v1_0079.png,2025-09-sa-fr01-011,100,14,49,37,0,0,0,14,0,74.0932,-21.253383,NA,NA,NA,soft_silt,flat,100,0,PASS,63,14,49,37,0,22.22222222222222,77.77777777777777,100
2025_09_SA_FR01_011_v1_0080.png,2025-09-sa-fr01-011,100,7,68,25,0,0,0,7,0,74.0932,-21.253383,NA,NA,NA,soft_silt,flat,100,0,PASS,75,7,68,25,0,9.333333333333334,90.66666666666667,100
2025_09_SA_FR01_011_v1_0081.png,2025-09-sa-fr01-011,100,7,47,46,0,0,0,7,0,74.0932,-21.253383,NA,NA,NA,soft_silt,flat,100,0,PASS,54,7,47,46,0,12.962962962962964,87.03703703703704,100
2025_09_SA_FR01_011_v2_0001.png,2025-09-sa-fr01-011,100,8,55,37,0,0,0,8,0,74.0932,-21.253383,NA,NA,NA,soft_silt,flat,100,0,PASS,63,8,55,37,0,12.698412698412698,87.3015873015873,100
2025_09_SA_FR01_011_v2_0002.png,2025-09-sa-fr01-011,100,65,21,13,0,1,0,65,0,74.0932,-21.253383,NA,NA,NA,soft_silt,flat,100,0,PASS,86,65,21,13,0,75.5813953488372,24.41860465116279,100
2025_09_SA_FR01_011_v2_0003.png,2025-09-sa-fr01-011,100,28,49,23,0,0,0,28,0,74.0932,-21.253383,NA,NA,NA,soft_silt,flat,100,0,PASS,77,28,49,23,0,36.36363636363637,63.63636363636363,100
2025_09_SA_FR01_011_v2_0004.png,2025-09-sa-fr01-011,100,87,12,1,0,0,0,87,0,74.0932,-21.253383,NA,NA,NA,soft_silt_shelldead,flat,100,0,PASS,99,87,12,1,0,87.87878787878788,12.121212121212121,100
2025_09_SA_FR01_011_v2_0005.png,2025-09-sa-fr01-011,100,20,50,30,0,0,0,20,0,74.0932,-21.253383,NA,NA,NA,soft_silt,flat,100,0,PASS,70,20,50,30,0,28.571428571428573,71.42857142857143,100
2025_09_SA_FR01_011_v2_0006.png,2025-09-sa-fr01-011,100,15,55,30,0,0,0,15,0,74.0932,-21.253383,NA,NA,NA,soft_silt,flat,100,0,PASS,70,15,55,30,0,21.428571428571427,78.57142857142857,100
2025_09_SA_FR01_011_v2_0008.png,2025-09-sa-fr01-011,100,15,62,22,1,0,0,15,0,74.0932,-21.253383,NA,NA,NA,soft_silt,flat,100,0,PASS,77,15,62,22,1,19.48051948051948,80.51948051948052,100
2025_09_SA_FR01_011_v2_0009.png,2025-09-sa-fr01-011,100,17,47,36,0,0,0,17,0,74.0932,-21.253383,NA,NA,NA,soft_silt,flat,100,0,PASS,64,17,47,36,0,26.5625,73.4375,100
2025_09_SA_FR01_012_0009.png,2025-09-sa-fr01-012,100,32,48,20,0,0,0,32,0,74.503917,-18.741783,91.051361,-91.051361,-1.4,hard_pebble,flat,100,0,PASS,80,32,48,20,0,40,60,100
2025_09_SA_FR01_012_0010.png,2025-09-sa-fr01-012,100,27,51,21,1,0,0,27,0,74.503917,-18.741783,90.44619,-90.44619,-1.4,hard_silt_pebble,flat,100,0,PASS,78,27,51,21,1,34.61538461538461,65.38461538461539,100
2025_09_SA_FR01_012_0011.png,2025-09-sa-fr01-012,100,46,30,22,2,0,0,46,0,74.503917,-18.741783,90.289841,-90.289841,-1.4,hard_boulder_silt,flat,100,0,PASS,76,46,30,22,2,60.526315789473685,39.473684210526315,100
2025_09_SA_FR01_012_0012.png,2025-09-sa-fr01-012,100,27,44,29,0,0,0,27,0,74.503917,-18.741783,90.004311,-90.004311,-1.4,hard_pebble,flat,100,0,PASS,71,27,44,29,0,38.028169014084504,61.971830985915496,100
2025_09_SA_FR01_012_0013.png,2025-09-sa-fr01-012,100,36,44,20,0,0,0,36,0,74.503917,-18.741783,89.277954,-89.277954,-1.4,hard_cobble_pebble,flat,100,0,PASS,80,36,44,20,0,45,55,100
2025_09_SA_FR01_012_0014.png,2025-09-sa-fr01-012,100,87,3,10,0,0,0,86,1,74.503917,-18.741783,89.487953,-89.487953,-1.5,hard_boulder,flat,100,0,PASS,90,87,3,10,0,96.66666666666667,3.3333333333333335,98.85057471264368
2025_09_SA_FR01_012_0015.png,2025-09-sa-fr01-012,100,24,60,16,0,0,0,24,0,74.503917,-18.741783,89.533409,-89.533409,-1.5,hard_pebble_silt,flat,100,0,PASS,84,24,60,16,0,28.571428571428573,71.42857142857143,100
2025_09_SA_FR01_012_0016.png,2025-09-sa-fr01-012,100,18,43,39,0,0,0,18,0,74.503917,-18.741783,89.368683,-89.368683,-1.4,hard_pebble_silt,flat,100,0,PASS,61,18,43,39,0,29.508196721311474,70.49180327868852,100
2025_09_SA_FR01_012_0017.png,2025-09-sa-fr01-012,100,32,48,19,1,0,0,32,0,74.503917,-18.741783,89.371506,-89.371506,-1.4,hard_pebble,flat,100,0,PASS,80,32,48,19,1,40,60,100
2025_09_SA_FR01_012_0018.png,2025-09-sa-fr01-012,100,27,39,31,3,0,0,27,0,74.503917,-18.741783,89.384308,-89.384308,-1.4,hard_boulder_pebble,flat,100,0,PASS,66,27,39,31,3,40.90909090909091,59.09090909090909,100
2025_09_SA_FR01_012_0019.png,2025-09-sa-fr01-012,100,21,38,41,0,0,0,21,0,74.503917,-18.741783,90.147118,-90.147118,-1.5,hard_boulder_cobble,flat,100,0,PASS,59,21,38,41,0,35.59322033898305,64.40677966101696,100
2025_09_SA_FR01_015_v1_0011.png,2025-09-sa-fr01-015,100,18,47,35,0,0,0,18,0,74.865,-19.652778,NA,NA,NA,soft_silt,flat,100,0,PASS,65,18,47,35,0,27.692307692307693,72.3076923076923,100
2025_09_SA_FR01_015_v1_0012.png,2025-09-sa-fr01-015,100,36,31,28,5,0,0,36,0,74.865,-19.652778,NA,NA,NA,soft_silt,flat,100,0,PASS,67,36,31,28,5,53.73134328358209,46.26865671641791,100
2025_09_SA_FR01_015_v1_0013.png,2025-09-sa-fr01-015,99,32,47,20,0,0,0,32,0,74.865,-19.652778,NA,NA,NA,soft_silt,flat,100,-1,REVIEW,79,32.323232323232325,47.474747474747474,20.2020202020202,0,40.50632911392405,59.49367088607595,100
2025_09_SA_FR01_015_v1_0014.png,2025-09-sa-fr01-015,100,12,36,52,0,0,0,12,0,74.865,-19.652778,NA,NA,NA,soft_silt_shelldead,flat,100,0,PASS,48,12,36,52,0,25,75,100
2025_09_SA_FR01_015_v1_0015.png,2025-09-sa-fr01-015,100,17,27,56,0,0,0,17,0,74.865,-19.652778,NA,NA,NA,soft_silt_shelldead,flat,100,0,PASS,44,17,27,56,0,38.63636363636363,61.36363636363637,100
2025_09_SA_FR01_015_v1_0017.png,2025-09-sa-fr01-015,100,15,57,26,2,0,0,15,0,74.865,-19.652778,NA,NA,NA,soft_silt,flat,100,0,PASS,72,15,57,26,2,20.833333333333332,79.16666666666667,100
2025_09_SA_FR01_015_v1_0018.png,2025-09-sa-fr01-015,100,21,45,34,0,0,0,21,0,74.865,-19.652778,NA,NA,NA,soft_silt_bioturbation,flat,100,0,PASS,66,21,45,34,0,31.818181818181817,68.18181818181819,100
2025_09_SA_FR01_015_v1_0019.png,2025-09-sa-fr01-015,100,17,43,40,0,0,0,17,0,74.865,-19.652778,NA,NA,NA,soft_silt,flat,100,0,PASS,60,17,43,40,0,28.333333333333332,71.66666666666667,100
2025_09_SA_FR01_015_v1_0021.png,2025-09-sa-fr01-015,100,31,44,24,1,0,0,31,0,74.865,-19.652778,NA,NA,NA,soft_silt,flat,100,0,PASS,75,31,44,24,1,41.333333333333336,58.666666666666664,100
2025_09_SA_FR01_015_v1_0023.png,2025-09-sa-fr01-015,100,18,67,14,1,0,0,18,0,74.865,-19.652778,NA,NA,NA,soft_silt,flat,100,0,PASS,85,18,67,14,1,21.176470588235293,78.82352941176471,100
2025_09_SA_FR01_015_v1_0024.png,2025-09-sa-fr01-015,100,30,53,16,1,0,0,30,0,74.865,-19.652778,NA,NA,NA,soft_silt,flat,100,0,PASS,83,30,53,16,1,36.144578313253014,63.855421686746986,100
2025_09_SA_FR01_015_v1_0025.png,2025-09-sa-fr01-015,100,12,27,61,0,0,0,12,0,74.865,-19.652778,NA,NA,NA,soft_silt,flat,100,0,PASS,39,12,27,61,0,30.76923076923077,69.23076923076923,100
2025_09_SA_FR01_015_v1_0026.png,2025-09-sa-fr01-015,100,32,53,14,1,0,0,32,0,74.865,-19.652778,NA,NA,NA,soft_silt,flat,100,0,PASS,85,32,53,14,1,37.64705882352941,62.35294117647059,100
2025_09_SA_FR01_015_v1_0027.png,2025-09-sa-fr01-015,100,36,39,25,0,0,0,36,0,74.865,-19.652778,NA,NA,NA,soft_silt,flat,100,0,PASS,75,36,39,25,0,48,52,100
2025_09_SA_FR01_015_v1_0028.png,2025-09-sa-fr01-015,100,35,50,15,0,0,0,35,0,74.865,-19.652778,NA,NA,NA,soft_silt,flat,100,0,PASS,85,35,50,15,0,41.1764705882353,58.8235294117647,100
2025_09_SA_FR01_015_v1_0029.png,2025-09-sa-fr01-015,100,28,20,51,1,0,0,28,0,74.865,-19.652778,NA,NA,NA,soft_silt,flat,100,0,PASS,48,28,20,51,1,58.333333333333336,41.666666666666664,100
2025_09_SA_FR01_015_v1_0030.png,2025-09-sa-fr01-015,100,27,25,48,0,0,0,27,0,74.865,-19.652778,NA,NA,NA,soft_silt,flat,100,0,PASS,52,27,25,48,0,51.92307692307692,48.07692307692308,100
2025_09_SA_FR01_015_v1_0031.png,2025-09-sa-fr01-015,100,35,21,44,0,0,0,35,0,74.865,-19.652778,NA,NA,NA,soft_silt,flat,100,0,PASS,56,35,21,44,0,62.5,37.5,100
2025_09_SA_FR01_015_v1_0032.png,2025-09-sa-fr01-015,100,36,26,36,2,0,0,36,0,74.865,-19.652778,NA,NA,NA,soft_silt,flat,100,0,PASS,62,36,26,36,2,58.064516129032256,41.935483870967744,100
2025_09_SA_FR01_015_v1_0033.png,2025-09-sa-fr01-015,100,21,12,66,1,0,0,21,0,74.865,-19.652778,NA,NA,NA,soft_silt,flat,100,0,PASS,33,21,12,66,1,63.63636363636363,36.36363636363637,100
2025_09_SA_FR01_015_v1_0034.png,2025-09-sa-fr01-015,100,50,29,21,0,0,0,50,0,74.865,-19.652778,NA,NA,NA,soft_silt_bioturbation,flat,100,0,PASS,79,50,29,21,0,63.29113924050633,36.70886075949367,100
2025_09_SA_FR01_015_v1_0035.png,2025-09-sa-fr01-015,100,41,30,29,0,0,0,41,0,74.865,-19.652778,NA,NA,NA,soft_silt,flat,100,0,PASS,71,41,30,29,0,57.74647887323944,42.25352112676056,100
2025_09_SA_FR01_015_v1_0036.png,2025-09-sa-fr01-015,100,29,32,39,0,0,0,29,0,74.865,-19.652778,NA,NA,NA,soft_silt,flat,100,0,PASS,61,29,32,39,0,47.540983606557376,52.459016393442624,100
2025_09_SA_FR01_015_v1_0037.png,2025-09-sa-fr01-015,100,41,27,32,0,0,0,41,0,74.865,-19.652778,NA,NA,NA,soft_silt,flat,100,0,PASS,68,41,27,32,0,60.294117647058826,39.705882352941174,100
2025_09_SA_FR01_015_v1_0039.png,2025-09-sa-fr01-015,100,40,27,33,0,0,0,40,0,74.865,-19.652778,NA,NA,NA,soft_silt,flat,100,0,PASS,67,40,27,33,0,59.701492537313435,40.298507462686565,100
2025_09_SA_FR01_015_v1_0040.png,2025-09-sa-fr01-015,100,59,10,31,0,0,0,59,0,74.865,-19.652778,NA,NA,NA,soft_silt,flat,100,0,PASS,69,59,10,31,0,85.5072463768116,14.492753623188406,100
2025_09_SA_FR01_015_v1_0041.png,2025-09-sa-fr01-015,100,32,32,36,0,0,0,32,0,74.865,-19.652778,NA,NA,NA,soft_silt,flat,100,0,PASS,64,32,32,36,0,50,50,100
2025_09_SA_FR01_015_v1_0042.png,2025-09-sa-fr01-015,100,47,19,34,0,0,0,47,0,74.865,-19.652778,NA,NA,NA,soft_silt,flat,100,0,PASS,66,47,19,34,0,71.21212121212122,28.78787878787879,100
2025_09_SA_FR01_015_v1_0043.png,2025-09-sa-fr01-015,100,55,17,28,0,0,0,55,0,74.865,-19.652778,NA,NA,NA,soft_silt,flat,100,0,PASS,72,55,17,28,0,76.38888888888889,23.61111111111111,100
2025_09_SA_FR01_015_v1_0044.png,2025-09-sa-fr01-015,100,45,33,21,1,0,0,45,0,74.865,-19.652778,NA,NA,NA,soft_silt_bioturbation,flat,100,0,PASS,78,45,33,21,1,57.69230769230769,42.30769230769231,100
2025_09_SA_FR01_015_v1_0045.png,2025-09-sa-fr01-015,100,45,22,32,1,0,0,45,0,74.865,-19.652778,NA,NA,NA,soft_silt,flat,100,0,PASS,67,45,22,32,1,67.16417910447761,32.83582089552239,100
2025_09_SA_FR01_015_v1_0046.png,2025-09-sa-fr01-015,100,52,40,7,1,0,0,52,0,74.865,-19.652778,NA,NA,NA,soft_silt_bioturbation,flat,100,0,PASS,92,52,40,7,1,56.52173913043478,43.47826086956522,100
2025_09_SA_FR01_015_v1_0047.png,2025-09-sa-fr01-015,100,45,30,25,0,0,0,45,0,74.865,-19.652778,NA,NA,NA,soft_silt,flat,100,0,PASS,75,45,30,25,0,60,40,100
2025_09_SA_FR01_015_v1_0051.png,2025-09-sa-fr01-015,100,24,65,9,2,0,0,24,0,74.865,-19.652778,NA,NA,NA,soft_silt,flat,100,0,PASS,89,24,65,9,2,26.96629213483146,73.03370786516854,100
2025_09_SA_FR01_015_v1_0052.png,2025-09-sa-fr01-015,100,21,39,40,0,0,0,21,0,74.865,-19.652778,NA,NA,NA,soft_silt,flat,100,0,PASS,60,21,39,40,0,35,65,100
2025_09_SA_FR01_015_v1_0053.png,2025-09-sa-fr01-015,100,31,37,32,0,0,0,31,0,74.865,-19.652778,NA,NA,NA,soft_silt,flat,100,0,PASS,68,31,37,32,0,45.588235294117645,54.411764705882355,100
2025_09_SA_FR01_015_v1_0054.png,2025-09-sa-fr01-015,100,32,39,29,0,0,0,32,0,74.865,-19.652778,NA,NA,NA,soft_silt_bioturbation,flat,100,0,PASS,71,32,39,29,0,45.070422535211264,54.929577464788736,100
2025_09_SA_FR01_015_v1_0055.png,2025-09-sa-fr01-015,100,33,24,42,1,0,0,33,0,74.865,-19.652778,NA,NA,NA,soft_silt,flat,100,0,PASS,57,33,24,42,1,57.89473684210526,42.10526315789474,100
2025_09_SA_FR01_015_v1_0058.png,2025-09-sa-fr01-015,100,21,50,29,0,0,0,21,0,74.865,-19.652778,NA,NA,NA,soft_silt,flat,100,0,PASS,71,21,50,29,0,29.577464788732396,70.4225352112676,100
2025_09_SA_FR01_015_v1_0059.png,2025-09-sa-fr01-015,100,16,46,38,0,0,0,16,0,74.865,-19.652778,NA,NA,NA,soft_silt,flat,100,0,PASS,62,16,46,38,0,25.806451612903224,74.19354838709677,100
2025_09_SA_FR01_015_v1_0060.png,2025-09-sa-fr01-015,100,11,47,42,0,0,0,11,0,74.865,-19.652778,NA,NA,NA,soft_silt,flat,100,0,PASS,58,11,47,42,0,18.96551724137931,81.03448275862068,100
2025_09_SA_FR01_015_v1_0061.png,2025-09-sa-fr01-015,100,14,78,8,0,0,0,14,0,74.865,-19.652778,NA,NA,NA,soft_silt_bioturbation,flat,100,0,PASS,92,14,78,8,0,15.217391304347826,84.78260869565217,100
2025_09_SA_FR01_015_v1_0062.png,2025-09-sa-fr01-015,100,17,70,13,0,0,0,17,0,74.865,-19.652778,NA,NA,NA,soft_silt,flat,100,0,PASS,87,17,70,13,0,19.54022988505747,80.45977011494253,100
2025_09_SA_FR01_015_v1_0063.png,2025-09-sa-fr01-015,43,7,32,4,0,0,0,7,0,74.865,-19.652778,NA,NA,NA,soft_silt_shelldead,flat,100,-57,REVIEW,39,16.27906976744186,74.4186046511628,9.30232558139535,0,17.94871794871795,82.05128205128206,100
2025_09_SA_FR01_015_v1_0070.png,2025-09-sa-fr01-015,101,19,49,33,0,0,0,19,0,74.865,-19.652778,NA,NA,NA,soft_silt_bioturbation,flat,100,1,REVIEW,68,18.81188118811881,48.51485148514851,32.67326732673267,0,27.941176470588236,72.05882352941177,100
2025_09_SA_FR01_015_v1_0071.png,2025-09-sa-fr01-015,100,29,37,34,0,0,0,29,0,74.865,-19.652778,NA,NA,NA,soft_silt,flat,100,0,PASS,66,29,37,34,0,43.93939393939394,56.06060606060606,100
2025_09_SA_FR01_015_v1_0072.png,2025-09-sa-fr01-015,100,38,42,19,1,0,0,38,0,74.865,-19.652778,NA,NA,NA,soft_silt,flat,100,0,PASS,80,38,42,19,1,47.5,52.5,100
2025_09_SA_FR01_015_v1_0073.png,2025-09-sa-fr01-015,100,25,50,25,0,0,0,25,0,74.865,-19.652778,NA,NA,NA,soft_silt,flat,100,0,PASS,75,25,50,25,0,33.333333333333336,66.66666666666667,100
2025_09_SA_FR01_015_v1_0074.png,2025-09-sa-fr01-015,99,28,44,26,1,0,0,28,0,74.865,-19.652778,NA,NA,NA,soft_silt,flat,100,-1,REVIEW,72,28.282828282828284,44.44444444444444,26.262626262626263,1.0101010101010102,38.888888888888886,61.111111111111114,100
2025_09_SA_FR01_015_v1_0075.png,2025-09-sa-fr01-015,98,33,34,31,0,0,0,33,0,74.865,-19.652778,NA,NA,NA,soft_silt,flat,100,-2,REVIEW,67,33.673469387755105,34.69387755102041,31.632653061224488,0,49.25373134328358,50.74626865671642,100
2025_09_SA_FR01_015_v1_0076.png,2025-09-sa-fr01-015,100,34,30,35,1,0,0,34,0,74.865,-19.652778,NA,NA,NA,soft_silt,flat,100,0,PASS,64,34,30,35,1,53.125,46.875,100
2025_09_SA_FR01_015_v1_0078.png,2025-09-sa-fr01-015,99,34,33,32,0,0,0,34,0,74.865,-19.652778,NA,NA,NA,soft_silt,flat,100,-1,REVIEW,67,34.343434343434346,33.333333333333336,32.323232323232325,0,50.74626865671642,49.25373134328358,100
2025_09_SA_FR01_015_v1_0079.png,2025-09-sa-fr01-015,100,46,30,24,0,0,0,46,0,74.865,-19.652778,NA,NA,NA,soft_silt_bioturbation,flat,100,0,PASS,76,46,30,24,0,60.526315789473685,39.473684210526315,100
2025_09_SA_FR01_015_v1_0080.png,2025-09-sa-fr01-015,100,58,24,17,1,0,0,58,0,74.865,-19.652778,NA,NA,NA,soft_silt_bioturbation,flat,100,0,PASS,82,58,24,17,1,70.73170731707317,29.26829268292683,100
2025_09_SA_FR01_015_v1_0081.png,2025-09-sa-fr01-015,100,29,24,46,1,0,0,29,0,74.865,-19.652778,NA,NA,NA,soft_silt,flat,100,0,PASS,53,29,24,46,1,54.716981132075475,45.283018867924525,100
2025_09_SA_FR01_015_v1_0082.png,2025-09-sa-fr01-015,99,28,25,46,0,0,0,28,0,74.865,-19.652778,NA,NA,NA,soft_silt,flat,100,-1,REVIEW,53,28.282828282828284,25.252525252525253,46.464646464646464,0,52.83018867924528,47.16981132075472,100
2025_09_SA_FR01_015_v1_0084.png,2025-09-sa-fr01-015,100,40,22,38,0,0,0,40,0,74.865,-19.652778,NA,NA,NA,soft_silt,flat,100,0,PASS,62,40,22,38,0,64.51612903225806,35.483870967741936,100
2025_09_SA_FR01_015_v1_0085.png,2025-09-sa-fr01-015,100,45,21,32,2,0,0,45,0,74.865,-19.652778,NA,NA,NA,soft_silt_bioturbation,flat,100,0,PASS,66,45,21,32,2,68.18181818181819,31.818181818181817,100
2025_09_SA_FR01_015_v2_0001.png,2025-09-sa-fr01-015,100,31,16,53,0,0,0,31,0,74.865,-19.652778,NA,NA,NA,soft_silt,flat,100,0,PASS,47,31,16,53,0,65.95744680851064,34.04255319148936,100
2025_09_SA_FR01_015_v2_0002.png,2025-09-sa-fr01-015,100,23,20,56,1,0,0,23,0,74.865,-19.652778,NA,NA,NA,soft_silt,flat,100,0,PASS,43,23,20,56,1,53.48837209302326,46.51162790697674,100
2025_09_SA_FR01_015_v2_0003.png,2025-09-sa-fr01-015,100,43,35,22,0,0,0,43,0,74.865,-19.652778,NA,NA,NA,soft_silt,flat,100,0,PASS,78,43,35,22,0,55.12820512820513,44.87179487179487,100
2025_09_SA_FR01_015_v2_0004.png,2025-09-sa-fr01-015,100,39,40,21,0,0,0,39,0,74.865,-19.652778,NA,NA,NA,soft_silt,flat,100,0,PASS,79,39,40,21,0,49.36708860759494,50.63291139240506,100
2025_09_SA_FR01_015_v2_0005.png,2025-09-sa-fr01-015,41,25,11,5,0,0,0,25,0,74.865,-19.652778,NA,NA,NA,soft_silt,flat,100,-59,REVIEW,36,60.97560975609756,26.829268292682926,12.195121951219512,0,69.44444444444444,30.555555555555557,100
2025_09_SA_FR01_015_v2_0025.png,2025-09-sa-fr01-015,100,32,11,57,0,0,0,32,0,74.865,-19.652778,NA,NA,NA,soft_silt,flat,100,0,PASS,43,32,11,57,0,74.4186046511628,25.58139534883721,100
2025_09_SA_FR01_015_v2_0026.png,2025-09-sa-fr01-015,96,37,34,25,0,0,0,37,0,74.865,-19.652778,NA,NA,NA,soft_silt,flat,100,-4,REVIEW,71,38.541666666666664,35.416666666666664,26.041666666666668,0,52.11267605633803,47.88732394366197,100
2025_09_SA_FR01_015_v2_0027.png,2025-09-sa-fr01-015,100,10,28,62,0,0,0,10,0,74.865,-19.652778,NA,NA,NA,soft_silt,high,100,0,PASS,38,10,28,62,0,26.31578947368421,73.6842105263158,100
2025_09_SA_FR01_015_v2_0033.png,2025-09-sa-fr01-015,100,7,44,49,0,0,0,7,0,74.865,-19.652778,NA,NA,NA,soft_silt,high,100,0,PASS,51,7,44,49,0,13.72549019607843,86.27450980392157,100
2025_09_SA_FR01_015_v2_0034.png,2025-09-sa-fr01-015,99,11,58,30,0,0,0,11,0,74.865,-19.652778,NA,NA,NA,soft_silt,high,100,-1,REVIEW,69,11.11111111111111,58.58585858585859,30.303030303030305,0,15.942028985507246,84.05797101449275,100
2025_09_SA_FR01_016_0011.png,2025-09-sa-fr01-016,100,21,47,32,0,0,0,21,0,74.937222,-19.797778,77.901123,-77.901123,-1.5,soft_silt,flat,100,0,PASS,68,21,47,32,0,30.88235294117647,69.11764705882354,100
2025_09_SA_FR01_016_0012.png,2025-09-sa-fr01-016,100,17,48,35,0,0,0,17,0,74.937222,-19.797778,77.850052,-77.850052,-1.6,soft_silt,flat,100,0,PASS,65,17,48,35,0,26.153846153846153,73.84615384615384,100
2025_09_SA_FR01_016_0013.png,2025-09-sa-fr01-016,100,23,43,34,0,0,0,23,0,74.937222,-19.797778,77.535217,-77.535217,-1.6,soft_silt,flat,100,0,PASS,66,23,43,34,0,34.84848484848485,65.15151515151516,100
2025_09_SA_FR01_016_0014.png,2025-09-sa-fr01-016,100,17,48,34,1,0,0,17,0,74.937222,-19.797778,77.244843,-77.244843,-1.6,soft_silt,flat,100,0,PASS,65,17,48,34,1,26.153846153846153,73.84615384615384,100
2025_09_SA_FR01_016_0015.png,2025-09-sa-fr01-016,100,14,54,32,0,0,0,14,0,74.937222,-19.797778,76.726273,-76.726273,-1.6,soft_silt,flat,100,0,PASS,68,14,54,32,0,20.58823529411765,79.41176470588235,100
2025_09_SA_FR01_016_0016.png,2025-09-sa-fr01-016,100,16,63,21,0,0,0,16,0,74.937222,-19.797778,76.499138,-76.499138,-1.6,soft_silt,flat,100,0,PASS,79,16,63,21,0,20.253164556962027,79.74683544303798,100
2025_09_SA_FR01_016_0017.png,2025-09-sa-fr01-016,100,12,44,44,0,0,0,12,0,74.937222,-19.797778,76.222847,-76.222847,-1.6,soft_silt,flat,100,0,PASS,56,12,44,44,0,21.428571428571427,78.57142857142857,100
2025_09_SA_FR01_016_0018.png,2025-09-sa-fr01-016,100,37,42,21,0,0,0,37,0,74.937222,-19.797778,76.045662,-76.045662,-1.6,soft_silt,flat,100,0,PASS,79,37,42,21,0,46.835443037974684,53.164556962025316,100
2025_09_SA_FR01_016_0019.png,2025-09-sa-fr01-016,98,23,37,38,0,0,0,23,0,74.937222,-19.797778,76.112717,-76.112717,-1.6,soft_silt,flat,100,-2,REVIEW,60,23.46938775510204,37.755102040816325,38.775510204081634,0,38.333333333333336,61.666666666666664,100
2025_09_SA_FR01_016_0020.png,2025-09-sa-fr01-016,100,30,50,20,0,0,0,30,0,74.937222,-19.797778,76.299446,-76.299446,-1.5,soft_silt_bioturbation,flat,100,0,PASS,80,30,50,20,0,37.5,62.5,100
2025_09_SA_FR01_016_0021.png,2025-09-sa-fr01-016,101,17,41,43,0,0,0,17,0,74.937222,-19.797778,76.5243,-76.5243,-1.6,soft_silt,flat,100,1,REVIEW,58,16.831683168316832,40.59405940594059,42.57425742574257,0,29.310344827586206,70.6896551724138,100
2025_09_SA_FR01_016_0022.png,2025-09-sa-fr01-016,100,18,43,39,0,0,0,18,0,74.937222,-19.797778,76.936447,-76.936447,-1.6,soft_silt,flat,100,0,PASS,61,18,43,39,0,29.508196721311474,70.49180327868852,100
2025_09_SA_FR01_016_0023.png,2025-09-sa-fr01-016,101,12,29,60,0,0,0,12,0,74.937222,-19.797778,76.863495,-76.863495,-1.5,soft_silt,flat,100,1,REVIEW,41,11.881188118811881,28.712871287128714,59.40594059405941,0,29.26829268292683,70.73170731707317,100
2025_09_SA_FR01_016_0024.png,2025-09-sa-fr01-016,100,9,56,35,0,0,0,9,0,74.937222,-19.797778,76.992249,-76.992249,-1.6,soft_silt,flat,100,0,PASS,65,9,56,35,0,13.846153846153847,86.15384615384616,100
2025_09_SA_FR01_016_0025.png,2025-09-sa-fr01-016,100,17,54,29,0,0,0,17,0,74.937222,-19.797778,76.852806,-76.852806,-1.6,soft_silt,flat,100,0,PASS,71,17,54,29,0,23.943661971830984,76.05633802816901,100
2025_09_SA_FR01_016_0026.png,2025-09-sa-fr01-016,100,18,27,55,0,0,0,18,0,74.937222,-19.797778,75.829613,-75.829613,-1.6,soft_silt,flat,100,0,PASS,45,18,27,55,0,40,60,100
2025_09_SA_FR01_016_0027.png,2025-09-sa-fr01-016,100,37,32,31,0,0,0,37,0,74.937222,-19.797778,75.857323,-75.857323,-1.6,soft_silt,flat,100,0,PASS,69,37,32,31,0,53.6231884057971,46.3768115942029,100
2025_09_SA_FR01_016_0028.png,2025-09-sa-fr01-016,100,18,18,64,0,0,0,18,0,74.937222,-19.797778,75.327744,-75.327744,-1.7,soft_silt,flat,100,0,PASS,36,18,18,64,0,50,50,100
2025_09_SA_FR01_016_0029.png,2025-09-sa-fr01-016,99,8,36,55,0,0,0,8,0,74.937222,-19.797778,75.195236,-75.195236,-1.6,soft_silt,flat,100,-1,REVIEW,44,8.080808080808081,36.36363636363637,55.55555555555556,0,18.181818181818183,81.81818181818181,100
2025_09_SA_FR01_016_0031.png,2025-09-sa-fr01-016,100,18,26,56,0,0,0,18,0,74.937222,-19.797778,75.982887,-75.982887,-1.6,soft_silt,flat,100,0,PASS,44,18,26,56,0,40.90909090909091,59.09090909090909,100
2025_09_SA_FR01_018_v1_0016.png,2025-09-sa-fr01-018,90,90,0,0,0,0,0,90,0,73.117778,-22.7225,NA,NA,NA,NA,NA,100,-10,REVIEW,90,100,0,0,0,100,0,100
2025_09_SA_FR01_018_v1_0017.png,2025-09-sa-fr01-018,75,75,0,0,0,0,0,75,0,73.117778,-22.7225,NA,NA,NA,NA,NA,100,-25,REVIEW,75,100,0,0,0,100,0,100
2025_09_SA_FR01_018_v1_0018.png,2025-09-sa-fr01-018,179,179,0,0,0,0,0,179,0,73.117778,-22.7225,NA,NA,NA,NA,NA,100,79,REVIEW,179,100,0,0,0,100,0,100
2025_09_SA_FR01_018_v1_0019.png,2025-09-sa-fr01-018,214,214,0,0,0,0,0,214,0,73.117778,-22.7225,NA,NA,NA,NA,NA,100,114,REVIEW,214,100,0,0,0,100,0,100
2025_09_SA_FR01_018_v1_0020.png,2025-09-sa-fr01-018,173,173,0,0,0,0,0,173,0,73.117778,-22.7225,NA,NA,NA,NA,NA,100,73,REVIEW,173,100,0,0,0,100,0,100
2025_09_SA_FR01_018_v1_0021.png,2025-09-sa-fr01-018,47,47,0,0,0,0,0,47,0,73.117778,-22.7225,NA,NA,NA,NA,NA,100,-53,REVIEW,47,100,0,0,0,100,0,100
2025_09_SA_FR01_018_v1_0022.png,2025-09-sa-fr01-018,169,169,0,0,0,0,0,169,0,73.117778,-22.7225,NA,NA,NA,NA,NA,100,69,REVIEW,169,100,0,0,0,100,0,100
2025_09_SA_FR01_018_v1_0023.png,2025-09-sa-fr01-018,2,1,1,0,0,0,0,1,0,73.117778,-22.7225,NA,NA,NA,soft_silt,flat,100,-98,REVIEW,2,50,50,0,0,50,50,100
2025_09_SA_FR01_018_v2_0024.png,2025-09-sa-fr01-018,42,15,21,6,0,0,0,15,0,73.117778,-22.7225,NA,NA,NA,soft_silt_cobble,flat,100,-58,REVIEW,36,35.714285714285715,50,14.285714285714286,0,41.666666666666664,58.333333333333336,100
2025_09_SA_FR01_021_0022.png,2025-09-sa-fr01-021,100,7,52,41,0,0,0,7,0,73.725,-24.051944,59.986557,-59.986557,-1.4,soft_silt,flat,100,0,PASS,59,7,52,41,0,11.864406779661017,88.13559322033899,100
2025_09_SA_FR01_021_0023.png,2025-09-sa-fr01-021,100,12,48,40,0,0,0,12,0,73.725,-24.051944,60.049438,-60.049438,-1.5,soft_silt,flat,100,0,PASS,60,12,48,40,0,20,80,100
2025_09_SA_FR01_021_0025.png,2025-09-sa-fr01-021,100,13,33,54,0,0,0,13,0,73.725,-24.051944,59.319576,-59.319576,-1.5,soft_silt_bioturbation,flat,100,0,PASS,46,13,33,54,0,28.26086956521739,71.73913043478261,100
2025_09_SA_FR01_021_0026.png,2025-09-sa-fr01-021,100,18,55,26,1,0,0,18,0,73.725,-24.051944,59.523556,-59.523556,-1.4,soft_silt,flat,100,0,PASS,73,18,55,26,1,24.65753424657534,75.34246575342466,100
2025_09_SA_FR01_021_0028.png,2025-09-sa-fr01-021,100,10,67,23,0,0,0,10,0,73.725,-24.051944,60.238518,-60.238518,-1.4,soft_silt,flat,100,0,PASS,77,10,67,23,0,12.987012987012987,87.01298701298701,100
2025_09_SA_FR01_021_0029.png,2025-09-sa-fr01-021,100,22,53,25,0,0,0,22,0,73.725,-24.051944,59.747971,-59.747971,-1.5,soft_silt,flat,100,0,PASS,75,22,53,25,0,29.333333333333332,70.66666666666667,100
2025_09_SA_FR01_021_0031.png,2025-09-sa-fr01-021,100,14,55,31,0,0,0,14,0,73.725,-24.051944,59.118626,-59.118626,-1.5,soft_silt,flat,100,0,PASS,69,14,55,31,0,20.28985507246377,79.71014492753623,100
2025_09_SA_FR01_021_0032.png,2025-09-sa-fr01-021,100,3,50,47,0,0,0,3,0,73.725,-24.051944,58.988377,-58.988377,-1.5,soft_silt,flat,100,0,PASS,53,3,50,47,0,5.660377358490566,94.33962264150944,100
2025_09_SA_FR01_021_0033.png,2025-09-sa-fr01-021,100,8,51,41,0,0,0,8,0,73.725,-24.051944,58.655888,-58.655888,-1.5,soft_silt,flat,100,0,PASS,59,8,51,41,0,13.559322033898304,86.44067796610169,100
2025_09_SA_FR01_021_0035.png,2025-09-sa-fr01-021,100,7,42,51,0,0,0,7,0,73.725,-24.051944,59.407024,-59.407024,-1.5,soft_silt,flat,100,0,PASS,49,7,42,51,0,14.285714285714286,85.71428571428571,100
2025_09_SA_FR01_021_0036.png,2025-09-sa-fr01-021,100,29,41,30,0,0,0,29,0,73.725,-24.051944,59.714138,-59.714138,-1.5,soft_silt,flat,100,0,PASS,70,29,41,30,0,41.42857142857143,58.57142857142857,100
2025_09_SA_FR01_021_0037.png,2025-09-sa-fr01-021,100,7,37,56,0,0,0,7,0,73.725,-24.051944,59.091812,-59.091812,-1.5,soft_silt,flat,100,0,PASS,44,7,37,56,0,15.909090909090908,84.0909090909091,100
2025_09_SA_FR01_021_0038.png,2025-09-sa-fr01-021,100,9,55,36,0,0,0,9,0,73.725,-24.051944,58.409855,-58.409855,-1.4,soft_silt_bioturbation,flat,100,0,PASS,64,9,55,36,0,14.0625,85.9375,100
2025_09_SA_FR01_021_0040.png,2025-09-sa-fr01-021,100,14,57,29,0,0,0,14,0,73.725,-24.051944,58.312271,-58.312271,-1.5,soft_silt_bioturbation,flat,100,0,PASS,71,14,57,29,0,19.718309859154928,80.28169014084507,100
2025_09_SA_FR01_021_0042.png,2025-09-sa-fr01-021,100,10,49,41,0,0,0,10,0,73.725,-24.051944,57.711758,-57.711758,-1.5,soft_silt,flat,100,0,PASS,59,10,49,41,0,16.949152542372882,83.05084745762711,100
2025_09_SA_FR01_021_0043.png,2025-09-sa-fr01-021,100,22,36,42,0,0,0,22,0,73.725,-24.051944,57.383034,-57.383034,-1.5,soft_silt_bioturbation,flat,100,0,PASS,58,22,36,42,0,37.93103448275862,62.06896551724138,100
2025_09_SA_FR01_021_0046.png,2025-09-sa-fr01-021,100,5,43,52,0,0,0,5,0,73.725,-24.051944,55.621441,-55.621441,-1.4,soft_silt_bioturbation,flat,100,0,PASS,48,5,43,52,0,10.416666666666666,89.58333333333333,100
2025_09_SA_FR01_021_0049.png,2025-09-sa-fr01-021,100,7,48,45,0,0,0,7,0,73.725,-24.051944,53.272972,-53.272972,-1.4,soft_silt,flat,100,0,PASS,55,7,48,45,0,12.727272727272727,87.27272727272727,100
2025_09_SA_FR01_021_0050.png,2025-09-sa-fr01-021,100,2,52,45,1,0,0,2,0,73.725,-24.051944,53.145058,-53.145058,-1.4,soft_silt,flat,100,0,PASS,54,2,52,45,1,3.7037037037037037,96.29629629629629,100
2025_09_SA_FR01_021_0051.png,2025-09-sa-fr01-021,100,4,51,45,0,0,0,4,0,73.725,-24.051944,52.858959,-52.858959,-1.4,soft_silt,flat,100,0,PASS,55,4,51,45,0,7.2727272727272725,92.72727272727273,100
2025_09_SA_FR01_021_0052.png,2025-09-sa-fr01-021,99,13,61,25,0,0,0,13,0,73.725,-24.051944,52.919617,-52.919617,-1.4,soft_silt,flat,100,-1,REVIEW,74,13.131313131313131,61.61616161616162,25.252525252525253,0,17.56756756756757,82.43243243243244,100
2025_09_SA_FR01_021_0053.png,2025-09-sa-fr01-021,100,6,62,32,0,0,0,6,0,73.725,-24.051944,52.860226,-52.860226,-1.4,soft_silt,flat,100,0,PASS,68,6,62,32,0,8.823529411764707,91.17647058823529,100
2025_09_SA_FR01_021_0055.png,2025-09-sa-fr01-021,100,7,50,43,0,0,0,7,0,73.725,-24.051944,52.587181,-52.587181,-1.4,soft_silt,flat,100,0,PASS,57,7,50,43,0,12.280701754385966,87.71929824561404,100
2025_09_SA_FR01_021_0056.png,2025-09-sa-fr01-021,99,21,38,40,0,0,0,21,0,73.725,-24.051944,52.541203,-52.541203,-1.4,soft_silt_bioturbation,flat,100,-1,REVIEW,59,21.21212121212121,38.38383838383838,40.4040404040404,0,35.59322033898305,64.40677966101696,100
2025_09_SA_FR01_021_0057.png,2025-09-sa-fr01-021,100,17,44,39,0,0,0,17,0,73.725,-24.051944,52.257713,-52.257713,-1.4,soft_silt,flat,100,0,PASS,61,17,44,39,0,27.868852459016395,72.1311475409836,100
2025_09_SA_FR01_021_0058.png,2025-09-sa-fr01-021,100,28,34,38,0,0,0,28,0,73.725,-24.051944,48.095585,-48.095585,-1.4,soft_silt,flat,100,0,PASS,62,28,34,38,0,45.16129032258065,54.83870967741935,100
2025_09_SA_FR01_021_0059.png,2025-09-sa-fr01-021,100,16,53,31,0,0,0,16,0,73.725,-24.051944,43.212505,-43.212505,-1.3,soft_silt,flat,100,0,PASS,69,16,53,31,0,23.18840579710145,76.81159420289855,100
2025_09_SA_FR01_021_0061.png,2025-09-sa-fr01-021,100,8,59,33,0,0,0,8,0,73.725,-24.051944,34.085243,-34.085243,-1.1,soft_silt,flat,100,0,PASS,67,8,59,33,0,11.940298507462687,88.05970149253731,100
2025_09_SA_FR01_022_v1_0011.png,2025-09-sa-fr01-022,99,17,79,3,0,0,0,17,0,73.360833,-25.301111,NA,NA,NA,soft_silt,flat,100,-1,REVIEW,96,17.171717171717173,79.79797979797979,3.0303030303030303,0,17.708333333333332,82.29166666666667,100
2025_09_SA_FR01_022_v1_0013.png,2025-09-sa-fr01-022,100,8,49,43,0,0,0,8,0,73.360833,-25.301111,NA,NA,NA,soft_silt,high,100,0,PASS,57,8,49,43,0,14.035087719298245,85.96491228070175,100
2025_09_SA_FR01_022_v1_0015.png,2025-09-sa-fr01-022,100,17,64,19,0,0,0,17,0,73.360833,-25.301111,NA,NA,NA,hard_soft_silt_shelldead,flat,100,0,PASS,81,17,64,19,0,20.987654320987655,79.01234567901234,100
2025_09_SA_FR01_022_v1_0016.png,2025-09-sa-fr01-022,100,32,58,10,0,0,0,32,0,73.360833,-25.301111,NA,NA,NA,soft_silt,high_flat,100,0,PASS,90,32,58,10,0,35.55555555555556,64.44444444444444,100
2025_09_SA_FR01_025_0012.png,2025-09-sa-fr01-025,100,16,79,5,0,0,0,16,0,73.328611,-26.524167,92.577065,-92.577065,0,soft_silt,high,100,0,PASS,95,16,79,5,0,16.842105263157894,83.15789473684211,100
2025_09_SA_FR01_025_0015.png,2025-09-sa-fr01-025,99,27,68,4,0,0,0,27,0,73.328611,-26.524167,90.082466,-90.082466,0,hard_boulder,high,100,-1,REVIEW,95,27.272727272727273,68.68686868686869,4.040404040404041,0,28.42105263157895,71.57894736842105,100
2025_09_SA_FR01_025_0017.png,2025-09-sa-fr01-025,100,13,34,53,0,0,0,13,0,73.328611,-26.524167,88.518234,-88.518234,0,soft_silt,high,100,0,PASS,47,13,34,53,0,27.659574468085108,72.34042553191489,100
2025_09_SA_FR01_025_0020.png,2025-09-sa-fr01-025,100,26,39,35,0,0,0,26,0,73.328611,-26.524167,84.962219,-84.962219,-0.1,soft_silt,high,100,0,PASS,65,26,39,35,0,40,60,100
2025_09_SA_FR01_025_0021.png,2025-09-sa-fr01-025,100,55,14,31,0,0,0,55,0,73.328611,-26.524167,85.07235,-85.07235,-0.2,soft_silt_bedrockreef,high,100,0,PASS,69,55,14,31,0,79.71014492753623,20.28985507246377,100
2025_09_SA_FR01_025_0022.png,2025-09-sa-fr01-025,100,37,41,22,0,0,0,37,0,73.328611,-26.524167,84.475189,-84.475189,-0.2,soft_silt_bedrockreef,high,100,0,PASS,78,37,41,22,0,47.43589743589744,52.56410256410256,100
2025_09_SA_FR01_025_0023.png,2025-09-sa-fr01-025,98,71,5,22,0,0,0,71,0,73.328611,-26.524167,82.893776,-82.893776,-0.3,soft_silt,high,100,-2,REVIEW,76,72.44897959183673,5.1020408163265305,22.448979591836736,0,93.42105263157895,6.578947368421052,100
2025_09_SA_FR01_025_0024.png,2025-09-sa-fr01-025,99,26,52,20,1,0,0,26,0,73.328611,-26.524167,80.765106,-80.765106,-0.4,soft_silt,high,100,-1,REVIEW,78,26.262626262626263,52.525252525252526,20.2020202020202,1.0101010101010102,33.333333333333336,66.66666666666667,100
2025_09_SA_FR01_025_0028.png,2025-09-sa-fr01-025,100,26,52,22,0,0,0,26,0,73.328611,-26.524167,72.515091,-72.515091,-0.9,soft_silt,high,100,0,PASS,78,26,52,22,0,33.333333333333336,66.66666666666667,100
2025_09_SA_FR01_025_0039.png,2025-09-sa-fr01-025,100,34,55,11,0,0,0,34,0,73.328611,-26.524167,52.230583,-52.230583,-1.3,soft_silt,high,100,0,PASS,89,34,55,11,0,38.20224719101124,61.79775280898876,100
2025_09_SA_FR01_025_0040.png,2025-09-sa-fr01-025,100,79,12,9,0,0,0,79,0,73.328611,-26.524167,50.523769,-50.523769,-1.2,soft_silt_bedrockreef,high,100,0,PASS,91,79,12,9,0,86.81318681318682,13.186813186813186,100
2025_09_SA_FR01_025_0042.png,2025-09-sa-fr01-025,100,23,42,35,0,0,0,23,0,73.328611,-26.524167,45.861607,-45.861607,-1.1,soft_silt,high,100,0,PASS,65,23,42,35,0,35.38461538461539,64.61538461538461,100
2025_09_SA_FR01_025_0043.png,2025-09-sa-fr01-025,100,31,47,22,0,0,0,31,0,73.328611,-26.524167,42.178383,-42.178383,-1.2,soft_silt,high,100,0,PASS,78,31,47,22,0,39.743589743589745,60.256410256410255,100
2025_09_SA_FR01_025_0045.png,2025-09-sa-fr01-025,102,19,63,20,0,0,0,19,0,73.328611,-26.524167,37.549202,-37.549202,-1.1,soft_silt,high,100,2,REVIEW,82,18.627450980392158,61.76470588235294,19.607843137254903,0,23.170731707317074,76.82926829268293,100
2025_09_SA_FR01_025_0046.png,2025-09-sa-fr01-025,1,0,0,1,0,0,0,0,0,73.328611,-26.524167,37.327736,-37.327736,-1.1,NA,NA,100,-99,REVIEW,0,0,0,100,0,NA,NA,NA
2025_09_SA_FR01_025_0047.png,2025-09-sa-fr01-025,37,18,10,9,0,0,0,18,0,73.328611,-26.524167,36.449879,-36.449879,-1.1,soft_silt,high,100,-63,REVIEW,28,48.648648648648646,27.027027027027028,24.324324324324323,0,64.28571428571429,35.714285714285715,100
2025_09_SA_FR01_026_0005.png,2025-09-sa-fr01-026,100,36,10,54,0,0,0,36,0,72.426111,-24.870556,NA,NA,NA,soft_silt,flat,100,0,PASS,46,36,10,54,0,78.26086956521739,21.73913043478261,100
2025_09_SA_FR01_026_0006.png,2025-09-sa-fr01-026,100,45,5,50,0,0,0,45,0,72.426111,-24.870556,NA,NA,NA,soft_silt,flat,100,0,PASS,50,45,5,50,0,90,10,100
2025_09_SA_FR01_026_0008.png,2025-09-sa-fr01-026,100,37,28,35,0,0,0,37,0,72.426111,-24.870556,NA,NA,NA,soft_silt,flat,100,0,PASS,65,37,28,35,0,56.92307692307692,43.07692307692308,100
2025_09_SA_FR01_026_0010.png,2025-09-sa-fr01-026,100,31,41,28,0,0,0,31,0,72.426111,-24.870556,NA,NA,NA,soft_silt,flat,100,0,PASS,72,31,41,28,0,43.05555555555556,56.94444444444444,100
2025_09_SA_FR01_026_0011.png,2025-09-sa-fr01-026,100,38,23,39,0,0,0,38,0,72.426111,-24.870556,NA,NA,NA,soft_silt,flat,100,0,PASS,61,38,23,39,0,62.295081967213115,37.704918032786885,100
2025_09_SA_FR01_026_0012.png,2025-09-sa-fr01-026,100,22,25,52,1,0,0,22,0,72.426111,-24.870556,NA,NA,NA,soft_silt,flat,100,0,PASS,47,22,25,52,1,46.808510638297875,53.191489361702125,100
2025_09_SA_FR01_026_0013.png,2025-09-sa-fr01-026,100,40,43,16,1,0,0,40,0,72.426111,-24.870556,NA,NA,NA,soft_silt,flat,100,0,PASS,83,40,43,16,1,48.19277108433735,51.80722891566265,100
2025_09_SA_FR01_026_0014.png,2025-09-sa-fr01-026,100,39,51,10,0,0,0,39,0,72.426111,-24.870556,NA,NA,NA,soft_silt,flat,100,0,PASS,90,39,51,10,0,43.333333333333336,56.666666666666664,100
2025_09_SA_FR01_026_0015.png,2025-09-sa-fr01-026,100,28,42,30,0,0,0,28,0,72.426111,-24.870556,NA,NA,NA,soft_silt,flat,100,0,PASS,70,28,42,30,0,40,60,100
2025_09_SA_FR01_026_0016.png,2025-09-sa-fr01-026,100,12,29,59,0,0,0,12,0,72.426111,-24.870556,NA,NA,NA,soft_silt,flat,100,0,PASS,41,12,29,59,0,29.26829268292683,70.73170731707317,100
2025_09_SA_FR01_026_0017.png,2025-09-sa-fr01-026,100,28,33,39,0,0,0,28,0,72.426111,-24.870556,NA,NA,NA,soft_silt,flat,100,0,PASS,61,28,33,39,0,45.90163934426229,54.09836065573771,100
2025_09_SA_FR01_026_0018.png,2025-09-sa-fr01-026,99,40,25,34,0,0,0,40,0,72.426111,-24.870556,NA,NA,NA,soft_silt,flat,100,-1,REVIEW,65,40.4040404040404,25.252525252525253,34.343434343434346,0,61.53846153846154,38.46153846153846,100
2025_09_SA_FR01_026_0019.png,2025-09-sa-fr01-026,100,22,41,37,0,0,0,22,0,72.426111,-24.870556,NA,NA,NA,soft_silt,flat,100,0,PASS,63,22,41,37,0,34.92063492063492,65.07936507936508,100
2025_09_SA_FR01_026_0020.png,2025-09-sa-fr01-026,100,16,38,46,0,0,0,16,0,72.426111,-24.870556,NA,NA,NA,soft_silt,flat,100,0,PASS,54,16,38,46,0,29.62962962962963,70.37037037037037,100
2025_09_SA_FR01_026_0021.png,2025-09-sa-fr01-026,100,15,36,49,0,0,0,15,0,72.426111,-24.870556,NA,NA,NA,soft_silt,flat,100,0,PASS,51,15,36,49,0,29.41176470588235,70.58823529411765,100
2025_09_SA_FR01_026_0027.png,2025-09-sa-fr01-026,100,46,5,49,0,0,0,46,0,72.426111,-24.870556,NA,NA,NA,soft_silt_bioturbation,flat,100,0,PASS,51,46,5,49,0,90.19607843137256,9.803921568627452,100
2025_09_SA_FR01_026_0028.png,2025-09-sa-fr01-026,100,45,21,34,0,0,0,45,0,72.426111,-24.870556,NA,NA,NA,soft_silt,flat,100,0,PASS,66,45,21,34,0,68.18181818181819,31.818181818181817,100
2025_09_SA_FR01_026_0030.png,2025-09-sa-fr01-026,100,15,24,61,0,0,0,15,0,72.426111,-24.870556,NA,NA,NA,soft_silt,flat,100,0,PASS,39,15,24,61,0,38.46153846153846,61.53846153846154,100
2025_09_SA_FR01_026_0031.png,2025-09-sa-fr01-026,100,25,17,58,0,0,0,25,0,72.426111,-24.870556,NA,NA,NA,soft_silt,flat,100,0,PASS,42,25,17,58,0,59.523809523809526,40.476190476190474,100
2025_09_SA_FR01_026_0032.png,2025-09-sa-fr01-026,100,13,22,65,0,0,0,13,0,72.426111,-24.870556,NA,NA,NA,soft_silt,flat,100,0,PASS,35,13,22,65,0,37.142857142857146,62.857142857142854,100
2025_09_SA_FR01_028_0010.png,2025-09-sa-fr01-028,100,28,45,27,0,0,0,28,0,70.468056,-21.981944,29.424131,-29.424131,2.4,soft_sand,flat,100,0,PASS,73,28,45,27,0,38.35616438356164,61.64383561643836,100
2025_09_SA_FR01_028_0011.png,2025-09-sa-fr01-028,100,35,41,24,0,0,0,35,0,70.468056,-21.981944,29.46797,-29.46797,2.5,soft_sand,flat,100,0,PASS,76,35,41,24,0,46.05263157894737,53.94736842105263,100
2025_09_SA_FR01_028_0012.png,2025-09-sa-fr01-028,100,25,39,36,0,0,0,25,0,70.468056,-21.981944,29.448601,-29.448601,2.4,hard_sand_shelldead,flat,100,0,PASS,64,25,39,36,0,39.0625,60.9375,100
2025_09_SA_FR01_028_0013.png,2025-09-sa-fr01-028,100,41,34,25,0,0,0,41,0,70.468056,-21.981944,29.294651000000002,-29.294651000000002,2.5,soft_sand_boulder,flat,100,0,PASS,75,41,34,25,0,54.666666666666664,45.333333333333336,100
2025_09_SA_FR01_028_0014.png,2025-09-sa-fr01-028,101,32,48,21,0,0,0,32,0,70.468056,-21.981944,29.301336,-29.301336,2.4,soft_sand,flat,100,1,REVIEW,80,31.683168316831683,47.524752475247524,20.792079207920793,0,40,60,100
2025_09_SA_FR01_028_0015.png,2025-09-sa-fr01-028,100,29,48,23,0,0,0,29,0,70.468056,-21.981944,29.142851,-29.142851,2.4,soft_sand,flat,100,0,PASS,77,29,48,23,0,37.66233766233766,62.33766233766234,100
2025_09_SA_FR01_028_0016.png,2025-09-sa-fr01-028,100,26,29,45,0,0,0,26,0,70.468056,-21.981944,29.142231,-29.142231,2.4,soft_sand,flat,100,0,PASS,55,26,29,45,0,47.27272727272727,52.72727272727273,100
2025_09_SA_FR01_028_0017.png,2025-09-sa-fr01-028,100,56,24,20,0,0,0,56,0,70.468056,-21.981944,29.17177,-29.17177,2.4,soft_sand,flat,100,0,PASS,80,56,24,20,0,70,30,100
2025_09_SA_FR01_028_0018.png,2025-09-sa-fr01-028,100,42,33,25,0,0,0,42,0,70.468056,-21.981944,28.991932,-28.991932,2.4,soft_sand_shelldead,flat,100,0,PASS,75,42,33,25,0,56,44,100
2025_09_SA_FR01_028_0019.png,2025-09-sa-fr01-028,100,16,40,44,0,0,0,16,0,70.468056,-21.981944,29.037767,-29.037767,2.4,soft_sand,flat,100,0,PASS,56,16,40,44,0,28.571428571428573,71.42857142857143,100
2025_09_SA_FR01_028_0020.png,2025-09-sa-fr01-028,100,31,54,15,0,0,0,31,0,70.468056,-21.981944,28.725353,-28.725353,2.4,soft_sand,flat,100,0,PASS,85,31,54,15,0,36.470588235294116,63.529411764705884,100
2025_09_SA_FR01_028_0021.png,2025-09-sa-fr01-028,101,34,31,36,0,0,0,34,0,70.468056,-21.981944,28.350056,-28.350056,2.4,soft_sand_shelldead,flat,100,1,REVIEW,65,33.663366336633665,30.693069306930692,35.64356435643565,0,52.30769230769231,47.69230769230769,100
2025_09_SA_FR01_028_0022.png,2025-09-sa-fr01-028,100,48,22,30,0,0,0,48,0,70.468056,-21.981944,28.128181,-28.128181,2.4,soft_sand,flat,100,0,PASS,70,48,22,30,0,68.57142857142857,31.428571428571427,100
2025_09_SA_FR01_028_0023.png,2025-09-sa-fr01-028,99,30,48,19,2,0,0,30,0,70.468056,-21.981944,28.198059,-28.198059,2.4,soft_sand,flat,100,-1,REVIEW,78,30.303030303030305,48.484848484848484,19.19191919191919,2.0202020202020203,38.46153846153846,61.53846153846154,100
2025_09_SA_FR01_028_0024.png,2025-09-sa-fr01-028,100,30,34,36,0,0,0,30,0,70.468056,-21.981944,28.219227,-28.219227,2.3,soft_sand_shelldead,flat,100,0,PASS,64,30,34,36,0,46.875,53.125,100
2025_09_SA_FR01_028_0025.png,2025-09-sa-fr01-028,100,51,9,40,0,0,0,51,0,70.468056,-21.981944,28.407032,-28.407032,2.4,hard_boulder_shelldead,flat,100,0,PASS,60,51,9,40,0,85,15,100
2025_09_SA_FR01_028_0026.png,2025-09-sa-fr01-028,100,32,33,35,0,0,0,32,0,70.468056,-21.981944,28.304142,-28.304142,2.4,soft_sand_shelldead,flat,100,0,PASS,65,32,33,35,0,49.23076923076923,50.76923076923077,100
2025_09_SA_FR01_028_0027.png,2025-09-sa-fr01-028,100,34,63,2,1,0,0,34,0,70.468056,-21.981944,28.318447,-28.318447,2.3,soft_sand,flat,100,0,PASS,97,34,63,2,1,35.05154639175258,64.94845360824742,100
2025_09_SA_FR01_028_0028.png,2025-09-sa-fr01-028,100,37,47,16,0,0,0,37,0,70.468056,-21.981944,28.282055,-28.282055,2.3,soft_sand_shelldead,flat,100,0,PASS,84,37,47,16,0,44.04761904761905,55.95238095238095,100
2025_09_SA_FR01_028_0029.png,2025-09-sa-fr01-028,100,37,42,21,0,0,0,37,0,70.468056,-21.981944,28.127331,-28.127331,2.3,soft_sand,flat,100,0,PASS,79,37,42,21,0,46.835443037974684,53.164556962025316,100
2025_09_SA_FR01_028_0030.png,2025-09-sa-fr01-028,100,53,29,18,0,0,0,53,0,70.468056,-21.981944,28.042212,-28.042212,2.3,soft_silt,flat,100,0,PASS,82,53,29,18,0,64.63414634146342,35.36585365853659,100
2025_09_SA_FR01_028_0032.png,2025-09-sa-fr01-028,100,48,41,11,0,0,0,48,0,70.468056,-21.981944,28.220224,-28.220224,2.3,soft_silt_shelldead,flat,100,0,PASS,89,48,41,11,0,53.93258426966292,46.06741573033708,100
2025_09_SA_FR01_028_0033.png,2025-09-sa-fr01-028,101,41,38,22,0,0,0,41,0,70.468056,-21.981944,28.195002,-28.195002,2.3,soft_silt_shelldead,flat,100,1,REVIEW,79,40.59405940594059,37.62376237623762,21.782178217821784,0,51.89873417721519,48.10126582278481,100
2025_09_SA_FR01_028_0037.png,2025-09-sa-fr01-028,100,31,13,56,0,0,0,31,0,70.468056,-21.981944,28.317556,-28.317556,2.3,soft_silt,flat,100,0,PASS,44,31,13,56,0,70.45454545454545,29.545454545454547,100
2025_09_SA_FR01_028_0039.png,2025-09-sa-fr01-028,100,30,35,35,0,0,0,30,0,70.468056,-21.981944,28.27854,-28.27854,2.3,soft_sand_shelldead,flat,100,0,PASS,65,30,35,35,0,46.15384615384615,53.84615384615385,100
2025_09_SA_FR01_028_0040.png,2025-09-sa-fr01-028,100,30,30,40,0,0,0,30,0,70.468056,-21.981944,28.080669,-28.080669,2.3,soft_sand_shelldead,flat,100,0,PASS,60,30,30,40,0,50,50,100
2025_09_SA_FR01_028_0041.png,2025-09-sa-fr01-028,100,48,31,21,0,0,0,48,0,70.468056,-21.981944,28.155836,-28.155836,2.3,hard_shelldead_sand,flat,100,0,PASS,79,48,31,21,0,60.75949367088607,39.24050632911393,100
2025_09_SA_FR01_028_0042.png,2025-09-sa-fr01-028,100,34,37,29,0,0,0,34,0,70.468056,-21.981944,28.27947,-28.27947,2.3,soft_sand,flat,100,0,PASS,71,34,37,29,0,47.88732394366197,52.11267605633803,100
2025_09_SA_FR01_028_0044.png,2025-09-sa-fr01-028,100,18,17,65,0,0,0,18,0,70.468056,-21.981944,28.009809,-28.009809,2.3,soft_sand_shelldead,flat,100,0,PASS,35,18,17,65,0,51.42857142857143,48.57142857142857,100
2025_09_SA_FR01_028_0045.png,2025-09-sa-fr01-028,100,35,26,33,6,0,0,35,0,70.468056,-21.981944,27.819313,-27.819313,2.3,soft_sand_shelldead,flat,100,0,PASS,61,35,26,33,6,57.377049180327866,42.622950819672134,100
2025_09_SA_FR01_028_0056.png,2025-09-sa-fr01-028,100,46,22,32,0,0,0,46,0,70.468056,-21.981944,25.285839,-25.285839,2.2,soft_sand_shelldead,flat,100,0,PASS,68,46,22,32,0,67.6470588235294,32.35294117647059,100
2025_09_SA_FR01_028_0057.png,2025-09-sa-fr01-028,100,43,36,21,0,0,0,43,0,70.468056,-21.981944,25.136583,-25.136583,2.3,hard_shelldead_sand,flat,100,0,PASS,79,43,36,21,0,54.43037974683544,45.56962025316456,100
2025_09_SA_FR01_028_0058.png,2025-09-sa-fr01-028,100,50,50,0,0,0,0,50,0,70.468056,-21.981944,24.951687,-24.951687,2.2,hard_sand_shelldead,flat,100,0,PASS,100,50,50,0,0,50,50,100
2025_09_SA_FR01_028_0059.png,2025-09-sa-fr01-028,100,25,30,45,0,0,0,25,0,70.468056,-21.981944,25.232136,-25.232136,2.3,hard_sand_shelldead,flat,100,0,PASS,55,25,30,45,0,45.45454545454545,54.54545454545455,100
2025_09_SA_FR01_028_0060.png,2025-09-sa-fr01-028,100,31,31,37,1,0,0,31,0,70.468056,-21.981944,25.266722,-25.266722,2.3,soft_sand,flat,100,0,PASS,62,31,31,37,1,50,50,100
2025_09_SA_FR01_028_0063.png,2025-09-sa-fr01-028,100,23,31,46,0,0,0,23,0,70.468056,-21.981944,25.321217,-25.321217,2.3,soft_sand_shelldead,flat,100,0,PASS,54,23,31,46,0,42.592592592592595,57.407407407407405,100
2025_09_SA_FR01_028_0064.png,2025-09-sa-fr01-028,100,34,25,41,0,0,0,34,0,70.468056,-21.981944,23.841883,-23.841883,2.2,soft_sand,flat,100,0,PASS,59,34,25,41,0,57.6271186440678,42.3728813559322,100
2025_09_SA_FR01_028_0065.png,2025-09-sa-fr01-028,100,69,17,14,0,0,0,69,0,70.468056,-21.981944,9.331864,-9.331864,2.5,hard_sand_boulder,flat,100,0,PASS,86,69,17,14,0,80.23255813953489,19.767441860465116,100
2025_09_SA_FR01_028_0066.png,2025-09-sa-fr01-028,100,43,21,36,0,0,0,43,0,70.468056,-21.981944,0.521869,-0.521869,3.4,hard_sand_boulder,flat,100,0,PASS,64,43,21,36,0,67.1875,32.8125,100
2025_09_SA_FR01_028_0067.png,2025-09-sa-fr01-028,100,24,20,56,0,0,0,24,0,70.468056,-21.981944,0.735702,-0.735702,3.4,soft_sand,flat,100,0,PASS,44,24,20,56,0,54.54545454545455,45.45454545454545,100
